date,time,name,message
2018.12.17,00:08,MYMINT,à¸«à¸·à¸­à¸­à¸­à¸­ à¸”à¸µà¹ƒà¸ˆà¸™à¹‰à¸²à¸—à¸µà¹ˆà¹„à¸”à¹‰à¹€à¸›à¸™à¸žà¸µà¹ˆà¸šà¹‰à¸²à¸™à¸„à¸¹à¹ˆà¸žà¸µà¹ˆà¸ˆà¸µà¹‚à¸™à¹ˆ
2018.12.17,00:12,Gno^^~~,à¸®à¸°à¸°à¸°à¸° à¹€à¸£à¸²à¸„à¸¹à¹ˆà¸à¸±à¸™à¸«à¸£à¸­
2018.12.17,00:12,MYMINTðŸ°,à¸Šà¹ˆà¸²à¸¢à¹†
2018.12.17,00:12,MYMINTðŸ°,Stickers
2018.12.17,00:13,Gno^^~~,Photos
2018.12.17,00:13,Gno^^~~,à¸™à¸¶à¸à¸§à¹ˆà¸²à¹€à¸›à¹‡à¸™à¹„à¸›à¸•à¸²à¸¡à¸ à¸²à¸žà¸™à¸µà¹‰à¸‹à¸°à¸­à¸µà¸
2018.12.17,00:13,Gno^^~~,à¸‡à¸‡à¸¥à¸° 5555555
2018.12.17,00:13,MYMINTðŸ°,à¸­à¹‰à¸²à¸§
2018.12.17,00:13,MYMINTðŸ°,à¸¡à¸¡à¸”à¸¹à¸œà¸´à¸”à¸«à¸™à¸ª
2018.12.17,00:13,MYMINTðŸ°,à¸«à¸£à¸²
2018.12.17,00:13,Gno^^~~,à¸‡à¸‡à¹„à¸›à¸­à¸µà¸ 5555555
2018.12.17,00:13,MYMINTðŸ°,Stickers
2018.12.17,00:13,Gno^^~~,à¸•à¸·à¹ˆà¸™à¸™à¸™à¸™à¸™à¸™
2018.12.17,00:13,MYMINTðŸ°,à¹€à¸­à¹‰à¸¢à¸¢à¸¢à¸¢à¸¢
2018.12.17,00:13,Gno^^~~,55555
2018.12.17,00:13,MYMINTðŸ°,à¸­à¹Šà¸²à¸à¸à¸à¸à¸à¸à¸à¸à¸
2018.12.17,00:13,MYMINTðŸ°,à¹à¸‡à¸‡à¸‡à¸‡à¸‡
2018.12.17,00:13,MYMINTðŸ°,à¹ƒà¸„à¸£à¸§à¸°
2018.12.17,00:14,MYMINTðŸ°,à¸žà¸µà¹ˆà¹€à¸ªà¸·à¸­
2018.12.17,00:14,MYMINTðŸ°,Stickers
2018.12.17,00:14,MYMINTðŸ°,Stickers
2018.12.17,00:14,MYMINTðŸ°,Stickers
2018.12.17,00:14,MYMINTðŸ°,Stickers
2018.12.17,00:14,MYMINTðŸ°,Stickers
2018.12.17,00:14,MYMINTðŸ°,Stickers
2018.12.17,00:14,Gno^^~~,. . . à¹‚à¸«à¸”à¸ˆà¸±à¸‡
2018.12.17,00:14,Gno^^~~,Stickers
2018.12.17,00:14,MYMINTðŸ°,à¹à¸‡à¸‡à¸‡à¸‡à¸‡à¸‡à¸‡à¸‡à¸‡
2018.12.17,00:14,MYMINTðŸ°,à¸žà¸µà¹ˆà¸ˆà¸µà¹‚à¸™à¹ˆ
2018.12.17,00:14,MYMINTðŸ°,à¹„à¸¡à¹ˆà¹„à¸«à¸§à¹à¸¥à¹‰à¸§à¸§à¸§à¸§
2018.12.17,00:14,MYMINTðŸ°,à¹à¸‡à¸‡à¸‡à¸‡à¸‡à¸‡à¸‡à¸‡à¸‡à¸‡à¸‡à¸‡à¸‡à¸‡à¸‡à¸‡à¸‡
2018.12.17,00:15,Gno^^~~,à¹€à¸›à¹‡à¸™à¸­à¸²à¸£à¸²à¸¢à¸¢à¸¢à¸¢à¸¢à¸¢à¸¢à¸¢à¸¢
2018.12.17,00:15,MYMINTðŸ°,à¸¡à¸µà¸™à¹‰à¸­à¸‡à¸„à¸™à¸™à¸¶à¸‡à¹€à¸›à¸™à¸£à¸¸à¹ˆà¸™à¸žà¸µà¹ˆà¸—à¸µà¹ˆà¸ à¸²à¸„à¹ƒà¸™à¸à¸¥à¸¸à¹ˆà¸¡ à¸­à¸±à¸™à¸™à¸µà¹‰à¸„à¸·à¸­à¹‚à¸„à¸£à¸•à¸«à¸™à¸±à¸à¹ƒà¸ˆ
2018.12.17,00:15,MYMINTðŸ°,à¸¥à¸°à¸¢à¸±à¸‡à¸ˆà¸°à¸­à¹ˆà¸²à¸™à¸Šà¸·à¹ˆà¸­à¸œà¸´à¸”à¸­à¸µà¸ à¹ƒà¸„à¸£à¹€à¸™à¸µà¹ˆà¸¢à¸žà¸µà¹ˆà¹€à¸ªà¸·à¸­
2018.12.17,00:15,MYMINTðŸ°,à¸Ÿà¹Šà¸²à¸„à¸„à¸„à¸„à¸„à¸„à¸„à¸„à¸„
2018.12.17,00:15,Gno^^~~,à¹„à¸«à¸‡à¸ˆà¸±à¸”à¸¡à¸²à¹„à¸”à¹‰à¸‡à¸±à¹‰à¸™à¸­à¸° O_____o
2018.12.17,00:16,MYMINTðŸ°,à¹„à¸¡à¹ˆà¸­à¸¢à¸²à¸à¸—à¸³à¹à¸¥à¹‰à¸§ T T à¹„à¸¡à¹ˆà¹€à¸­à¸²à¹à¸¥à¹‰à¸§ à¹à¸‡à¸‡à¸‡à¸‡à¸‡à¸‡à¸‡à¸‡
2018.12.17,00:16,Gno^^~~,à¹„à¸¡à¹ˆà¹€à¸­à¸²à¸ªà¸´ à¹† à¸­à¸±à¸™à¸™à¸µà¹‰à¹„à¸›à¸šà¸­à¸à¸„à¸™à¸ˆà¸±à¸”à¸à¸¥à¸¸à¹ˆà¸¡à¸¢à¸±à¸‡à¸‡à¹ˆà¸°à¸°à¸°
2018.12.17,00:16,Gno^^~~,https://www.facebook.com/suatop?fref=gc&dti=163894486968065
2018.12.17,00:16,Gno^^~~,à¸­à¸±à¸™à¸™à¸µà¹‰à¹€à¸Ÿà¸ªà¸žà¸µà¹ˆà¹€à¸ªà¸·à¸­ à¹€à¸œà¸·à¹ˆà¸­à¹„à¸›à¸¨à¸¶à¸à¸©à¸²à¸”à¸¹à¹ƒà¸ˆà¸à¹ˆà¸­à¸™
2018.12.17,00:17,Gno^^~~,à¸•à¹‰à¸­à¸‡à¹€à¸„à¸¢à¹€à¸«à¹‡à¸™à¸ªà¸´à¸žà¸µà¹ˆà¹€à¸ªà¸·à¸­à¸­à¸°
2018.12.17,00:17,MYMINTðŸ°,à¹€à¸‚à¸²à¸šà¸­à¸à¸§à¹ˆà¸²à¹„à¸¡à¹ˆà¹€à¸›à¸™à¹„à¸£à¹€à¸£à¸·à¹ˆà¸­à¸‡à¸žà¸µà¹ˆà¹ƒà¸™à¸ à¸²à¸„
2018.12.17,00:17,MYMINTðŸ°,à¸¡à¸¡à¸à¹‰à¸šà¸­à¸à¸§à¹ˆà¸²à¹„à¸¡à¹ˆà¸‡à¸­à¹à¸‡à¸à¹‰à¹„à¸”à¹‰
2018.12.17,00:17,MYMINTðŸ°,à¸¡à¸¡à¸à¹‰à¸šà¸­à¸à¸§à¹ˆà¸²à¹„à¸¡à¹ˆà¸‡à¸­à¹à¸‡à¸à¹‰à¹„à¸”à¹‰à¹à¸•à¹ˆà¸¡à¸±à¸™à¸à¹‰à¸‡à¸­à¹à¸‡à¸­à¸¢à¸¸à¹ˆà¸”à¸µ à¹à¸‡à¸‡à¸‡à¸‡à¸‡à¸‡
2018.12.17,00:18,Gno^^~~,à¸‡à¸·à¸¡à¸¡à¸¡ à¸ˆà¸£à¸´à¸‡ à¹† à¹€à¸£à¸µà¸¢à¸à¸§à¹ˆà¸²à¹„à¸”à¹‰à¸¥à¹ˆà¸° à¹à¸•à¹ˆà¹ƒà¸Šà¹‰à¸žà¸¥à¸±à¸‡à¸ªà¸¹à¸‡à¸­à¸¢à¸¹à¹ˆ
2018.12.17,00:18,MYMINTðŸ°,à¸žà¸µà¹ˆà¹€à¸‚à¸²à¸à¹‰à¸„à¸‡à¹„à¸¡à¹ˆà¹‚à¸­à¹€à¸„à¹€à¸«à¸¡à¸·à¸­à¸™à¸à¸²à¸™à¸­à¸°à¸–à¹‰à¸²à¸¡à¸²à¹€à¸ˆà¸­à¸¡à¸¡à¹€à¸›à¸™à¸žà¸µà¹ˆà¸šà¹‰à¸²à¸™à¸—à¸±à¹‰à¸‡à¹†à¸—à¸µà¹ˆà¸­à¸¢à¸¸à¹ˆà¸„à¸™à¸°à¹€à¸›à¸™à¸™à¹‰à¸­à¸‡T T
2018.12.17,00:18,MYMINTðŸ°,à¸£à¹‰à¸­à¸‡à¹„à¸«à¹‰à¸£à¸±à¸§à¹†
2018.12.17,00:18,MYMINTðŸ°,Stickers
2018.12.17,00:18,MYMINTðŸ°,Stickers
2018.12.17,00:18,MYMINTðŸ°,Stickers
2018.12.17,00:19,Gno^^~~,à¹€à¸¥à¸¢à¸¡à¸µà¸žà¸µà¹ˆà¹€à¸ªà¸·à¸­à¹„à¸‡à¸‡ à¸–à¹‰à¸²à¹ƒà¸«à¹‰à¹€à¸”à¸²à¹ƒà¸ˆà¸„à¸™à¸ˆà¸±à¸”à¸™à¸°
2018.12.17,00:19,MYMINTðŸ°,T T à¹à¸‡à¸‡à¸‡à¸‡ à¸•à¸­à¸™à¹à¸£à¸à¸”à¸µà¹ƒà¸ˆà¸žà¸µà¹ˆà¸ˆà¸µà¹‚à¸™à¹ˆ
2018.12.17,00:19,Gno^^~~,à¸žà¸µà¹ˆà¸­à¸§à¸¸à¹‚à¸ªà¹ƒà¸ˆà¹€à¸¢à¹‡à¸™ à¹€à¸®à¸µà¸¢à¹à¸à¸Šà¹ˆà¸§à¸¢ à¸¡à¸¡ à¹„à¸”à¹‰à¹€à¸¢à¸­à¸°à¸­à¸¢à¸¹à¹ˆà¹à¸¥à¹‰à¸§à¸¥à¹ˆà¸°à¸°à¸°
2018.12.17,00:20,MYMINTðŸ°,à¹„à¸¡à¹ˆà¸‡à¸­à¹à¸‡à¸à¹‡à¹„à¸”à¹‰ T T
2018.12.17,00:20,Gno^^~~,à¸‡à¸­à¹à¸‡à¹„à¸”à¹‰ à¸­à¸¢à¹ˆà¸²à¹„à¸›à¸‡à¸­à¹à¸‡à¸•à¹ˆà¸­à¸«à¸™à¹‰à¸²à¸™à¹‰à¸­à¸‡à¹€à¸›à¹‡à¸™à¸žà¸­à¸­à¸­à¸­
2018.12.17,00:20,MYMINTðŸ°,à¸«à¸·à¸­à¸­à¸­à¸­à¸­à¸­à¸­à¸­à¸­à¸­à¸­à¸­à¸­
2018.12.17,00:20,Gno^^~~,à¸ˆà¸£à¸´à¸‡ à¹† à¸¡à¸µà¸­à¸°à¹„à¸£à¹ƒà¸«à¹‰à¸Šà¹ˆà¸§à¸¢à¸à¹‡à¸šà¸­à¸à¹„à¸”à¹‰à¸­à¸¢à¸¹à¹ˆà¸à¸¥à¸¸à¹ˆà¸¡à¸‚à¹‰à¸²à¸‡ à¹† à¹€à¸­à¸‡à¸™à¸´ 5555555
2018.12.17,00:20,MYMINTðŸ°,à¸­à¸¢à¸²à¸à¸šà¸²à¸­à¸­à¸à¸ˆà¸²à¸à¸„à¹ˆà¸²à¸¢ T T
2018.12.17,00:23,Gno^^~~,à¸‡à¸·à¸­à¸­à¸­à¸­à¸­à¸­à¸­ à¹„à¸¡à¹ˆà¹€à¸­à¸²à¸²à¸² à¹„à¸¡à¹ˆà¹ƒà¸«à¹‰ à¹„à¸¡à¹ˆà¸¢à¸­à¸¡à¸¡à¸¡à¸¡à¸¡à¸¡
2018.12.17,00:24,MYMINTðŸ°,à¹„à¸¡à¹ˆà¸‡à¸­à¹à¸‡à¸à¹‡à¹„à¸”à¹‰ à¸«à¸·à¸­
2018.12.17,00:25,Gno^^~~,à¸™à¸±à¹ˆà¸‡à¸ªà¹ˆà¸­à¸‡à¸™à¹‰à¸­à¸‡à¸à¸¥à¸¸à¹ˆà¸¡à¸•à¸±à¸§à¹€à¸­à¸‡
2018.12.17,00:25,Gno^^~~,à¸‡à¸­à¹à¸‡à¸”à¹‰à¸§à¸¢à¹„à¸”à¹‰à¸¡à¸°
2018.12.17,00:25,Gno^^~~,à¸™à¹‰à¸­à¸‡à¹‚à¸«à¸”à¸à¸§à¹ˆà¸²à¹€à¸£à¸²à¸ªà¸²à¸¡à¸¥à¹‰à¸²à¸™à¹€à¸—à¹ˆà¸²à¸²à¸²à¸²à¸²à¸²à¸²à¸²à¸²à¸²à¸²à¸²à¸²à¸²à¸²à¸²
2018.12.17,00:25,Gno^^~~,à¹€à¸£à¸²à¸ˆà¸°à¹€à¸­à¸²à¸­à¸°à¹„à¸£à¹„à¸›à¸”à¸¹à¹à¸¥à¹€à¸„à¹‰à¸² 55555555555555555
2018.12.17,00:25,Gno^^~~,Stickers
2018.12.17,00:26,MYMINTðŸ°,Stickers
2018.12.17,00:26,MYMINTðŸ°,à¹à¸¥à¸à¸™à¹‰à¸­à¸‡à¸à¸²à¸™
2018.12.17,00:27,Gno^^~~,555 à¹à¸¥à¸à¹„à¸”à¹‰à¸«à¸£à¸­
2018.12.17,00:27,MYMINTðŸ°,à¹„à¸¡à¹ˆà¹„à¸”à¹‰à¹à¸¥à¹‰à¸§à¸—à¸±à¹‰à¸‡
2018.12.17,00:28,MYMINTðŸ°,à¸¡à¸±à¹‰à¸‡*
2018.12.17,00:28,MYMINTðŸ°,à¸žà¸µà¹ˆà¹€à¸‚à¸²à¸šà¸­à¸à¸§à¹ˆà¸² à¹„à¸¡à¹ˆà¹€à¸›à¸¥à¸µà¹ˆà¸¢à¸™à¹à¸¥à¹‰à¸§
2018.12.17,00:28,Gno^^~~,à¸‡à¸·à¸¡à¸¡à¸¡ à¸„à¸‡à¸•à¸²à¸¡à¸™à¸±à¹‰à¸™
2018.12.17,00:28,MYMINTðŸ°,à¹à¸‡à¸‡à¸‡à¸‡à¸‡à¸‡à¸‡à¸‡à¸‡à¸‡à¸‡à¸‡
2018.12.17,00:28,Gno^^~~,à¸­à¸±à¸™à¸™à¸µà¹‰à¸œà¹ˆà¸²à¸™à¸•à¸²à¸žà¸µà¹ˆà¸§à¹ˆà¸²à¸™à¹„à¸›à¹à¸¥à¹‰à¸§à¸”à¹‰à¸§à¸¢à¸™à¸´
2018.12.17,00:29,MYMINTðŸ°,à¸¢à¸­à¸¡à¹à¸žà¹‰à¸à¸°à¹€à¸£à¸·à¹ˆà¸­à¸‡à¸™à¸µà¹‰à¸¡à¸²à¸à¹†
2018.12.17,00:29,Gno^^~~,à¹à¸•à¹ˆà¹€à¸­à¸²à¸ˆà¸£à¸´à¸‡ à¹† à¸™à¸°à¸°à¸° à¸¡à¸±à¸™à¹„à¸”à¹‰à¸¥à¹ˆà¸°à¸° à¸¡à¸µà¸­à¸°à¹„à¸£à¸à¹‡à¸›à¸£à¸¶à¸à¸©à¸²à¸žà¸µà¹ˆà¹€à¸ªà¸·à¸­à¹€à¸­à¸²
2018.12.17,00:29,Gno^^~~,à¸žà¸µà¹ˆà¹à¸à¹€à¸à¹ˆà¸‡à¸¡à¸²à¸ 5555
2018.12.17,00:30,MYMINTðŸ°,T T à¹€à¸—à¸à¸¥à¸²à¸‡à¸­à¸²à¸à¸²à¸¨à¹„à¸”à¹‰à¸¡à¸±à¹‰à¸¢
2018.12.17,00:30,Gno^^~~,à¸­à¸²à¸ˆà¸ˆà¸°à¹‚à¸”à¸™à¹à¸šà¸¥à¹‡à¸à¸¥à¸´à¸ªà¸•à¹Œà¸­à¸°à¸”à¸´
2018.12.17,00:30,Gno^^~~,à¸­à¸¢à¹ˆà¸²à¹€à¸¥à¹Šà¸¢à¸¢à¸¢à¸¢à¸¢
2018.12.17,00:30,Gno^^~~,à¸­à¸µà¸à¹„à¸¡à¹ˆà¸à¸µà¹ˆà¸§à¸±à¸™à¸à¹‡à¸œà¹ˆà¸²à¸™à¹„à¸›à¹à¸¥à¹‰à¸§à¸§à¸§à¸§à¸§à¸§
2018.12.17,00:31,MYMINTðŸ°,Stickers
2018.12.17,00:32,MYMINTðŸ°,à¹ƒà¸ˆà¸£à¹‰à¸²à¸¢à¸¡à¸²à¸à¹†à¹à¸‡à¸‡à¸‡à¸‡à¸‡
2018.12.17,00:34,Gno^^~~,à¹„à¸›à¸™à¸­à¸™à¸žà¸±à¸à¹„à¸«à¸¡à¸¡à¸¡
2018.12.17,00:34,Gno^^~~,à¹€à¸œà¸·à¹ˆà¸­à¸ªà¸•à¸´à¸ˆà¸°à¸à¸¥à¸±à¸šà¸¡à¸²à¸²
2018.12.17,00:36,MYMINTðŸ°,à¹„à¸¡à¹ˆà¸‡à¸­à¹à¸‡à¸à¹‡à¹„à¸”à¹‰
2018.12.17,00:36,MYMINTðŸ°,Stickers
2018.12.17,00:43,Gno^^~~,à¸™à¸­à¸™ à¹† à¸à¸±à¸™à¸”à¸µ à¹† à¹€à¸”à¸µà¹‹à¸¢à¸§à¸ˆà¸°à¸¡à¸²à¸–à¸²à¸¡à¸­à¸²à¸à¸²à¸£à¹ƒà¸«à¸¡à¹ˆà¸žà¸£à¸¸à¹ˆà¸‡à¸™à¸µà¹‰ 55555
2018.12.17,00:43,Gno^^~~,Stickers
2018.12.17,00:45,MYMINTðŸ°,Stickers
2018.12.17,17:24,Gno^^~~,à¹€à¸›à¹‡à¸™à¹„à¸‡à¸šà¹‰à¸²à¸‡à¸‡à¸‡à¸‡à¸‡à¸‡à¸‡à¸‡à¸‡ à¸”à¸µà¸‚à¸¶à¹‰à¸™à¸¢à¸²à¸‡à¸‡à¸‡à¸‡à¸‡à¸‡à¸‡à¸‡
2018.12.17,18:50,MYMINTðŸ°,à¹à¸® à¸„à¸¸à¸¢à¸à¸°à¸•à¸¸à¸¥à¹à¸¥à¹‰à¸§à¸§à¸±à¸™à¸™à¸µà¹‰ à¸­à¸²à¸ˆà¸ˆà¸°à¸¡à¸µà¸¢à¹‰à¸²à¸¢ T T
2018.12.17,19:22,Gno^^~~,Stickers
2018.12.17,23:06,Gno^^~~,à¸ªà¸£à¸¸à¸›à¸à¹‡à¸­à¸¢à¸¹à¹ˆà¸šà¹‰à¸²à¸™à¹€à¸”à¸µà¸¢à¸§à¸à¸±à¸™à¸ˆà¸™à¹„à¸”à¹‰555555
2018.12.17,23:06,Gno^^~~,à¸‚à¸­à¸à¸²à¸à¹€à¸™à¸·à¹‰à¸­à¸à¸²à¸à¸•à¸±à¸§à¸”à¹‰à¸§à¸¢à¸™à¸°à¸„à¸£à¹‰à¸²à¸šà¸šà¸šà¸šà¸š
2018.12.17,23:07,Gno^^~~,Stickers
2018.12.17,23:41,MYMINTðŸ°,à¸‡à¹Šà¸² à¸à¸²à¸à¹€à¸™à¸·à¹‰à¸­à¸à¸²à¸à¸•à¸±à¸§à¸”à¹‰à¸§à¸¢à¸„à¸£à¸±à¸šà¸šà¸š
2018.12.17,23:50,MYMINTðŸ°,à¹€à¸”à¸§à¸žà¸™ à¸¡à¸¡ à¹‚à¸—à¸£à¹ƒà¸«à¹‰à¸™à¹‰à¸² ~~~
2018.12.18,23:50,MYMINTðŸ°,à¹€à¸”à¸§à¸žà¸™ à¸¡à¸¡ à¹‚à¸—à¸£à¹ƒà¸«à¹‰à¸™à¹‰à¸² ~~~
2018.12.18,09:23,Gno^^~~,à¹‚à¸­à¹€à¸„à¸„à¸£à¹‰à¸²à¸šà¸šà¸šà¸š
2018.12.18,09:24,Gno^^~~,Photos
2018.12.18,11:17,MYMINTðŸ°,à¹‚à¸­à¹€à¸„à¸„à¸£à¸±à¸š
2018.12.18,13:48,Gno^^~~,https://docs.google.com/spreadsheets/d/1UYXbPQ0eQGYiJt_zAw_tDmObuAQ-CNxDrfvbhC6pqfY/edit#gid=1107770538
2018.12.18,13:48,Gno^^~~,à¹à¸à¹‰à¸žà¸§à¸à¸Šà¸·à¹ˆà¸­à¹à¸¥à¸°à¹ƒà¸ªà¹ˆà¸žà¸§à¸à¸­à¸²à¸«à¸²à¸£à¸¢à¸²à¸—à¸µà¹ˆà¹à¸žà¹‰à¸•à¸²à¸¡à¹ƒà¸šà¸ªà¸¡à¸±à¸„à¸£à¹ƒà¸«à¹‰à¹à¸¥à¹‰à¸§à¸™à¹‰à¸²à¸²à¸²
2018.12.18,13:48,Gno^^~~,à¸‚à¸­à¸‡à¸à¸¥à¸¸à¹ˆà¸¡à¹€à¸£à¸²à¸­à¸°
2018.12.18,14:26,MYMINTðŸ°,à¸‚à¸­à¸šà¸„à¸¸à¸“à¸„à¸£à¸±à¸šà¸š
2018.12.18,16:15,Gno^^~~,à¸„à¸¸à¸¢à¸à¸°à¸™à¹‰à¸­à¸‡à¹€à¸›à¹‡à¸™à¹„à¸‡à¸šà¹‰à¸²à¸‡à¸‡à¸‡à¸‡à¸‡à¸‡à¸‡à¸‡à¸‡
2018.12.18,16:15,Gno^^~~,à¸ˆà¸µà¸šà¹„à¸›à¸à¸µà¹ˆà¸„à¸™à¸¥à¸°
2018.12.18,16:21,MYMINTðŸ°,à¸„à¸¸à¸¢à¹„à¸›à¸™à¸´à¸”à¹€à¸”à¸§à¹€à¸­à¸‡à¸‡à¸° à¹€à¸§à¸¥à¸²à¸™à¹‰à¸­à¸¢à¸à¹‡à¹€à¸¥à¸™à¸–à¸²à¸¡à¹†à¸­à¸¢à¹ˆà¸²à¸‡à¹€à¸”à¸§à¸®à¸·à¸­à¸­
2018.12.18,16:23,Gno^^~~,Stickers
2018.12.18,16:23,Gno^^~~,à¸¡à¸µà¹ƒà¸„à¸£à¸™à¹ˆà¸²à¹€à¸›à¹‡à¸™à¸«à¹ˆà¸§à¸‡à¸¡à¸°à¸°à¸°
2018.12.18,18:13,MYMINTðŸ°,à¸™à¹‰à¸­à¸‡à¸–à¸²à¸¡à¸§à¹ˆà¸²à¸¡à¸™à¸«à¹‰à¸­à¸‡à¸¡à¸µà¸•à¸¹à¹‰à¹€à¸¢à¸™à¹„à¸«à¸¡ à¸•à¸­à¸šà¹„à¸‡à¸”à¸µ à¹à¸‡
2018.12.18,19:40,Gno^^~~,à¸•à¹‰à¸­à¸‡à¸–à¸²à¸¡à¸à¹ˆà¸²à¸¢à¸ªà¸–à¸²à¸™à¸—à¸µà¹ˆà¹€à¸¥à¸¢à¸¢ à¹à¸•à¹ˆà¸£à¸¹à¹‰à¸ªà¸¶à¸à¸§à¹ˆà¸²à¹‚à¸£à¸‡à¹à¸£à¸¡à¸™à¸µà¹‰à¸¡à¸µà¸™à¸°
2018.12.18,19:40,Gno^^~~,à¹€à¸­à¹Šà¸°à¸° à¸•à¸­à¸šà¹€à¸Šà¹‰à¸²à¹„à¸›à¸¡à¸° 55555
2018.12.18,20:01,MYMINTðŸ°,à¸–à¸²à¸¡à¹„à¸›à¹à¸¥à¹‰à¸§à¸„à¹ˆà¸²à¸™à¹ˆà¸²à¸ˆà¸²à¸¡à¸µ><
2018.12.18,21:29,Gno^^~~,à¸ªà¸£à¸¸à¸›à¸™à¹‰à¸­à¸‡à¸Ÿà¹‰à¸²à¸¡à¸²à¸„à¹ˆà¸²à¸¢à¹„à¸”à¹‰à¸™à¹‰à¸²à¸²à¸²à¸²à¸²
2018.12.18,21:30,MYMINTðŸ°,okka à¸žà¸™à¹‚à¸—à¸£
2018.12.18,21:31,MYMINTðŸ°,à¸™à¹‰à¸­à¸‡à¹€à¸‚à¸²à¹€à¸›à¸™à¹„à¸£à¸­à¹ˆà¸² à¸­à¸±à¸™à¸™à¸µà¹‰à¸¡à¸¡à¹„à¸¡à¹ˆà¸„à¹ˆà¸­à¸¢à¸£à¸¸à¹‰à¸§à¹ˆà¸²à¹€à¸à¸´à¸”à¹„à¸£à¸‚à¸¶à¹‰à¸™à¸­à¸°à¸„à¹ˆà¸° ~~~
2018.12.18,21:32,Gno^^~~,à¹€à¸”à¸µà¹‹à¸¢à¸§à¸–à¸¶à¸‡à¸šà¹‰à¸²à¸™à¹à¸›à¸›à¸›à¸› à¹€à¸”à¸µà¹‹à¸¢à¸§à¹‚à¸—à¸£à¹„à¸›à¹€à¸¥à¹ˆà¸²
2018.12.18,21:34,MYMINTðŸ°,Stickers
2018.12.19,21:34,MYMINTðŸ°,Stickers
2018.12.19,10:19,Gno^^~~,à¸ˆà¸²à¸à¸ªà¸•à¸­à¸£à¸µà¹ˆ IG à¹à¸¥à¹‰à¸§ à¸„à¸¸à¸“à¸Ÿà¹‰à¸²à¸¢à¸±à¸‡à¸­à¸¢à¸¹à¹ˆà¹‚à¸•à¹€à¸à¸µà¸¢à¸§à¸­à¸¢à¸¹à¹ˆà¹€à¸¥à¸¢ 55555555555
2018.12.19,11:21,MYMINTðŸ°,à¸‡à¸µà¹‰à¸à¹‰à¹‚à¸—à¸£à¸¡à¹ˆà¸²à¸¢à¸¥à¹ˆà¸²à¸¢à¸ˆà¸´ à¹à¸‡à¸‡à¸‡
2018.12.19,11:52,Gno^^~~,à¸¥à¸­à¸‡à¹‚à¸—à¸£à¹„à¸›à¸à¹ˆà¸­à¸™à¸™à¸™
2018.12.19,12:05,Gno^^~~,à¸­à¸²à¸ˆà¸ˆà¸°à¹ƒà¸Šà¹‰à¸žà¸§à¸ internet call à¹„à¸”à¹‰ à¸™à¸µà¹ˆà¸à¹‡à¹ƒà¸Šà¹‰ à¹à¸šà¸šà¸­à¸¢à¸¹à¹ˆà¹€à¸¡à¸·à¸­à¸‡à¸™à¸­à¸à¹‚à¸—à¸£à¹€à¸šà¸­à¸£à¹Œà¹„à¸—à¸¢à¹„à¸”à¹‰à¸›à¸à¸•à¸´ à¸‚à¸­à¹ƒà¸«à¹‰à¸¡à¸µà¹€à¸™à¹‡à¸•à¸žà¸­
2018.12.19,12:55,MYMINTðŸ°,à¹‚à¸­à¹€à¸„à¸„à¹ˆà¸²
2018.12.19,12:55,MYMINTðŸ°,Stickers
2018.12.19,16:49,MYMINTðŸ°,à¹‚à¸—à¸£à¸¡à¹ˆà¸²à¸¢à¸¥à¹ˆà¸²à¸¢
2018.12.19,16:49,MYMINTðŸ°,à¸™à¹ˆà¸­à¸‡à¸Ÿà¹‰à¸²à¸‚à¸­à¸‡à¹€à¸£à¸²
2018.12.19,16:51,Gno^^~~,à¹à¸‡à¸‡à¸‡à¸‡à¸‡à¸‡
2018.12.19,16:51,Gno^^~~,à¸›à¸¥à¸²à¸¢à¸Ÿà¹‰à¸²à¸¥à¹ˆà¸°à¸°à¸°
2018.12.19,18:28,Gno^^~~,à¸™à¹‰à¸­à¸‡à¸Ÿà¹‰à¸²à¸à¸¥à¸±à¸šà¸žà¸£à¸¸à¹ˆà¸‡à¸™à¸µà¹‰à¸‡à¹ˆà¸°à¸°à¸°
2018.12.20,18:28,Gno^^~~,à¸™à¹‰à¸­à¸‡à¸Ÿà¹‰à¸²à¸à¸¥à¸±à¸šà¸žà¸£à¸¸à¹ˆà¸‡à¸™à¸µà¹‰à¸‡à¹ˆà¸°à¸°à¸°
2018.12.20,00:25,MYMINTðŸ°,okka
2018.12.20,00:25,MYMINTðŸ°,plaifah à¸„à¸¸à¸¢à¹à¸¥à¹‰à¸§
2018.12.20,00:25,MYMINTðŸ°,à¸™à¹ˆà¸²à¸£à¸±à¸à¹€à¸µ
2018.12.20,00:25,MYMINTðŸ°,Stickers
2018.12.20,09:18,Gno^^~~,à¹€à¸¢à¹‰ ~
2018.12.21,09:18,Gno^^~~,à¹€à¸¢à¹‰ ~
2018.12.21,11:03,MYMINTðŸ°,Missed call
2018.12.21,11:03,MYMINTðŸ°,à¸™à¹‰à¸­à¸‡à¸Ÿà¹‰à¸²à¸à¹‰à¸”à¸¹à¸™à¹ˆà¸²à¸£à¸±à¸à¸”à¸µà¸™à¹‰à¸²
2018.12.21,11:03,MYMINTðŸ°,à¹à¸•à¹ˆà¸™à¸²à¸‡à¹€à¸„à¸£à¸µà¸¢à¸”à¹€à¸£à¸·à¹ˆà¸­à¸‡à¹‚à¸”à¸™à¹à¸«à¸à¹ƒà¸™à¸—à¸§à¸´à¸•à¸¡à¸²à¸à¸à¸à¸à¸
2018.12.21,11:03,MYMINTðŸ°,Stickers
2018.12.21,11:03,MYMINTðŸ°,à¹„à¸¡à¹ˆà¸£à¸¸à¸¸à¹‰à¸ˆà¸²à¸žà¸¸à¸”à¸­à¸¢à¹ˆà¸²à¸‡à¹„à¸£
2018.12.21,11:12,Gno^^~~,Canceled
2018.12.21,11:12,Gno^^~~,à¸‡à¹ˆà¸°à¸°à¸°à¸°
2018.12.21,11:13,Gno^^~~,à¹€à¸„à¸£à¸µà¸¢à¸”à¸„à¸·à¸­à¸­à¸¢à¸±à¸‡à¹„à¸‡à¸šà¹‰à¸²à¸‡à¸­à¸°
2018.12.21,13:19,MYMINTðŸ°,à¸à¸¥à¸±à¸§à¸„à¸™à¹ƒà¸™à¸à¸¥à¸¸à¹ˆà¸¡à¹„à¸¡à¹ˆà¸­à¸¢à¸²à¸à¹„à¸”à¹‰
2018.12.21,13:19,MYMINTðŸ°,à¸à¸¥à¸±à¸§à¹€à¸žà¸·à¹ˆà¸­à¸™à¹€à¸‹à¸‡à¸—à¸µà¹ˆà¸¡à¸µà¸Ÿà¹‰à¸²
2018.12.21,13:19,Gno^^~~,à¹„à¸›à¸„à¸¸à¸¢à¸¢à¸±à¸‡à¹„à¸‡à¸šà¹‰à¸²à¸‡à¸–à¸¶à¸‡à¹„à¸›à¸ˆà¸¸à¸”à¸™à¸±à¹‰à¸™à¹„à¸”à¹‰à¸™à¸´
2018.12.21,13:19,MYMINTðŸ°,à¸„à¸™à¸—à¸µà¹ˆà¸¡à¸²à¹à¸«à¸à¹€à¸„à¹‰à¸²à¸¡à¸µà¸žà¸£à¸°à¸„à¸¸à¸“ à¸žà¸¸à¸”à¸­à¸°à¹„à¸£à¹„à¸¡à¹ˆà¹„à¸”à¹‰à¸¡à¸²à¸ à¹€à¸”à¸§à¸„à¸”à¸µà¸œà¸´à¸”
2018.12.21,13:19,MYMINTðŸ°,Stickers
2018.12.21,13:19,MYMINTðŸ°,à¸–à¸²à¸¡à¸§à¹ˆà¸²à¸•à¸·à¹ˆà¸™à¹€à¸•à¹‰à¸™à¸¡à¸±à¹‰à¸¢
2018.12.21,13:20,MYMINTðŸ°,55555555665
2018.12.21,13:20,Gno^^~~,à¸¢à¸²à¸§à¹„à¸›à¸–à¸¶à¸‡à¹€à¸£à¸·à¹ˆà¸­à¸‡à¸™à¸±à¹‰à¸™à¹€à¸¥à¸¢à¸­à¸°à¸™à¸°
2018.12.21,13:20,Gno^^~~,Stickers
2018.12.21,13:20,Gno^^~~,à¹à¸‡à¸‡à¸‡ à¸«à¸²à¸‚à¸­à¸‡à¸£à¸²à¸„à¸² 116 à¸¢à¸²à¸à¸¡à¸²à¸à¸à¸à¸à¸à¸
2018.12.21,13:20,Gno^^~~,à¹à¸‡à¸‡à¸‡à¸‡à¸‡à¸‡
2018.12.21,13:20,Gno^^~~,Stickers
2018.12.21,13:23,MYMINTðŸ°,à¸žà¸µà¹ˆà¸ˆà¸µà¸£à¸²à¸‡à¸§à¸±à¸¥à¹ƒà¸«à¸à¹ˆà¹€à¸¥à¸¢à¸„à¹ˆà¸° 1600 à¹„à¸›à¹€à¸¥à¸¢
2018.12.21,13:24,Gno^^~~,. . . .
2018.12.21,13:24,Gno^^~~,à¸šà¸±à¸¢à¸¢à¸¢à¸¢
2018.12.21,13:24,Gno^^~~,à¸à¸²à¸à¸”à¸¹à¹à¸¥à¸™à¹‰à¸­à¸‡ à¹† à¸”à¹‰à¸§à¸¢à¸™à¸°
2018.12.21,15:44,MYMINTðŸ°,Stickers
2018.12.21,15:45,MYMINTðŸ°,à¸ˆà¸šà¹€à¸šà¸¢
2018.12.21,16:18,Gno^^~~,à¸–à¸¶à¸‡à¸¥à¸²à¸”à¸à¸£à¸°à¸šà¸±à¸‡à¸¢à¸±à¸‡à¸‡à¸‡à¸‡à¸‡
2018.12.21,21:07,MYMINTðŸ°,à¸¢à¸±à¸‡à¹€à¸¥à¸¢à¸¢
2018.12.21,21:07,MYMINTðŸ°,Stickers
2018.12.21,21:35,Gno^^~~,à¸¡à¸²à¸•à¸­à¸™à¹„à¸«à¸™à¸™à¸™à¸™
2018.12.21,21:54,MYMINTðŸ°,à¸à¸³à¸¥à¸±à¸‡à¹„à¸›à¸„à¹ˆà¸²
2018.12.21,21:54,MYMINTðŸ°,à¹„à¸à¸¥à¸¡à¹Šà¸²à¸à¸
2018.12.21,21:54,MYMINTðŸ°,à¹„à¸›à¸à¸±à¸™à¹„à¸”à¹‰à¹„à¸‡
2018.12.21,22:00,Gno^^~~,à¹€à¸£à¸²à¹€à¸£à¸µà¸¢à¸™à¸™à¸µà¹ˆà¹„à¸‡ 5555
2018.12.21,22:01,MYMINTðŸ°,where r you nowwws
2018.12.21,22:21,MYMINTðŸ°,Missed call
2018.12.21,22:22,MYMINTðŸ°,00:57
2018.12.21,22:24,Gno^^~~,Canceled
2018.12.21,22:24,MYMINTðŸ°,à¸¡à¸±à¸™à¹„à¸¡à¹ˆà¸¡à¸µà¸—à¸µà¹ˆà¸ˆà¸­à¸”à¸£à¸–à¹ƒà¸•à¹‰à¸•à¸¶à¸à¸­à¹ˆà¸²
2018.12.21,22:27,Gno^^~~,02:59
2018.12.22,22:27,Gno^^~~,02:59
2018.12.22,01:25,MYMINTðŸ°,à¹€à¸­à¸²à¸„à¸³à¹ƒà¸šà¹‰à¸¡à¸²à¸²
2018.12.22,01:49,Gno^^~~,à¸«à¸¡à¸¹à¸«à¸¢à¸­à¸‡à¸à¹‡à¸”à¹‰à¸²à¸¢à¸¢à¸¢
2018.12.22,01:52,MYMINTðŸ°,à¸‚à¹‰à¸²à¸§à¸•à¹‰à¸¡à¸«à¸¡à¸¹à¸«à¸¢à¸­à¸‡
2018.12.22,01:52,MYMINTðŸ°,Stickers
2018.12.22,02:03,Gno^^~~,à¸”à¸µà¸š
2018.12.22,02:03,Gno^^~~,à¸”à¸µà¸¥
2018.12.22,02:11,MYMINTðŸ°,Stickers
2018.12.23,02:11,MYMINTðŸ°,Stickers
2018.12.23,00:58,MYMINTðŸ°,à¸­à¸¢à¸¸à¹ˆà¹„à¸«à¸™~~~
2018.12.23,00:58,Gno^^~~,511
2018.12.23,00:58,Gno^^~~,à¸™à¹‰à¸­à¸‡à¸«à¸´à¸§à¸¡à¸²à¸à¸à¸à¸à¸à¸à¸à¸à¸à¸à¸à¸à¸à¸
2018.12.23,00:58,MYMINTðŸ°,à¸¡à¸µà¸›à¸¥à¸²à¸Šà¸¸à¸¡à¸„à¹ˆà¸²à¸¢à¸‡à¸°
2018.12.23,00:58,MYMINTðŸ°,Stickers
2018.12.23,00:59,MYMINTðŸ°,Photos
2018.12.23,00:59,MYMINTðŸ°,à¹€à¸­à¸²à¹„à¸‡à¸”à¸µ
2018.12.23,00:59,MYMINTðŸ°,à¸£à¹‰à¸²à¸™à¸‚à¹‰à¸²à¸‡à¹†à¸¢à¸±à¸‡à¹€à¸›à¸´à¸”à¸­à¸¢à¸¸à¹ˆà¸¡à¸±à¹‰à¸¢à¸­à¹ˆà¸²à¸žà¸µà¹ˆà¸ˆà¸µ
2018.12.23,00:59,MYMINTðŸ°,à¸¡à¸±à¸™à¸¡à¸µà¸£à¹‰à¸²à¸™à¸‚à¹‰à¸²à¸§à¹†
2018.12.23,00:59,MYMINTðŸ°,à¸‚à¹‰à¸²à¸‡*
2018.12.23,01:00,Gno^^~~,à¸£à¹‰à¸²à¸™à¹„à¸«à¸™à¸­à¸°
2018.12.23,01:04,Gno^^~~,à¸à¸¥à¹ˆà¸­à¸‡à¸­à¸²à¸«à¸²à¸£à¸§à¹ˆà¸²à¸‡à¹à¸ˆà¸à¹€à¸¡à¸·à¹ˆà¸­à¹„à¸«à¸£à¹ˆà¹ˆà¹ˆà¹ˆà¹ˆ
2018.12.23,01:17,MYMINTðŸ°,à¹€à¸”à¸§à¸žà¸µà¹ˆà¸šà¸²à¸ªà¸‚à¸±à¸šà¸£à¸–à¸­à¸­à¸à¹„à¸›à¸‹à¸·à¹‰à¸­à¹ƒà¸«à¹‰à¸—à¸¸à¸à¸šà¹‰à¸²à¸™à¹€à¸¥à¸¢
2018.12.23,01:17,MYMINTðŸ°,à¸šà¸­à¸à¸™à¹‰à¸­à¸‡à¸£à¸­à¹à¸›à¸›à¸›
2018.12.23,01:17,MYMINTðŸ°,Stickers
2018.12.23,01:18,Gno^^~~,à¹€à¸›à¹‡à¸™à¸­à¸°à¹„à¸£à¸­à¸°
2018.12.23,01:18,MYMINTðŸ°,à¸žà¸™à¹„à¸¡à¹ˆà¹€à¸­à¸²à¸¥à¸° à¸žà¸™à¸ˆà¸°à¸”à¸¹à¹à¸¥à¸™à¹‰à¸­à¸‡à¸”à¸µà¹† à¸žà¸µà¹ˆà¸‚à¸­à¹‚à¸—à¸© ðŸ˜«ðŸ˜«ðŸ˜«ðŸ˜«ðŸ˜«
2018.12.23,01:19,Gno^^~~,à¹€à¸Šà¸Šà¸Š à¹†
2018.12.23,01:21,Gno^^~~,à¸™à¹‰à¸­à¸‡à¸šà¹ˆà¸™à¸«à¸´à¸§à¸•à¸¥à¸­à¸”à¹€à¸§à¸¢à¹Œà¸ˆà¸£à¸´à¸‡à¸ˆà¸±à¸‡
2018.12.23,01:21,Gno^^~~,Stickers
2018.12.23,01:53,MYMINTðŸ°,à¸™à¹‰à¸­à¸‡à¸Ÿà¹‰à¸²à¸žà¸¹à¸”à¸¢à¸²à¸§à¸‡à¹ˆà¸²
2018.12.23,01:53,MYMINTðŸ°,à¸™à¹‰à¸­à¸‡à¸Ÿà¹‰à¸²à¸žà¸¹à¸”à¸¢à¸²à¸§à¸‡à¹ˆà¸²à¸—à¸³à¹„à¸‡à¹ƒà¸«à¹‰à¸™à¹‰à¸­à¸‡à¸ªà¸±à¹‰à¸™à¹†à¸•à¸±à¸”à¸ˆà¸šà¸”à¸µ à¸ˆà¸°à¹„à¸”à¹‰à¸›à¸£à¸°à¸«à¸¢à¸±à¸”à¹€à¸§à¸¥à¸² à¸«à¸·à¸­
2018.12.23,01:53,Gno^^~~,à¸£à¸­à¸šà¸™à¸µà¹‰à¸„à¸‡à¸›à¸¥à¹ˆà¸­à¸¢à¸žà¸µà¹ˆà¸§à¹ˆà¸²à¸™à¸£à¸±à¸™à¹„à¸›à¸¥à¸°à¸à¸±à¸™
2018.12.23,01:53,Gno^^~~,à¸®à¸·à¸­à¸­à¸­
2018.12.23,01:58,MYMINTðŸ°,google à¸—à¸³ map à¸¡à¸²à¸•à¸±à¹‰à¸‡à¸à¸µà¹ˆà¸›à¸µ à¸ˆà¸°à¹„à¸›à¸—à¸³à¹ƒà¸™à¸ªà¸µà¹ˆà¸§à¸±à¸™à¸Šà¸™à¸°à¹„à¸”à¹‰à¹„à¸‡ à¹à¸‡à¸‡à¸‡
2018.12.23,02:56,MYMINTðŸ°,à¸™à¹‰à¸­à¸‡à¹€à¸›à¸¥à¸µà¹ˆà¸¢à¸™à¹„à¸­à¹€à¸”à¸µà¸¢à¸­à¸µà¸à¸­à¸°à¸›à¹ˆà¸²à¸§à¸§
2018.12.23,02:57,Gno^^~~,à¸¢à¸±à¸‡à¸«à¸¥à¸‡ à¹† à¹€à¸—à¸µà¹ˆà¸¢à¸§ à¹†
2018.12.23,02:57,Gno^^~~,Photos
2018.12.23,02:58,MYMINTðŸ°,à¸”à¸µà¹†à¹†à¹†à¹†
2018.12.23,02:58,MYMINTðŸ°,à¸­à¸¢à¹ˆà¸²à¹€à¸›à¸¥à¸µà¹ˆà¸¢à¸™à¹†à¹†à¹†à¹†à¹†à¹†
2018.12.23,02:58,MYMINTðŸ°,à¸­à¹Šà¸²à¸à¸à¸à¸à¸
2018.12.23,02:59,Gno^^~~,à¹€à¸›à¸¥à¸µà¹ˆà¸¢à¸™à¸­à¸µà¸à¹„à¸›à¸™à¸­à¸™à¸¥à¸° 555555
2018.12.23,02:59,Gno^^~~,à¸—à¸¶à¹‰à¸‡
2018.12.23,03:24,MYMINTðŸ°,à¸™à¸­à¸™à¸¢à¸²à¸‡à¸‡
2018.12.23,03:24,Gno^^~~,à¸ˆà¸°à¸™à¸­à¸™à¸¥à¸°
2018.12.23,03:26,Gno^^~~,Canceled
2018.12.23,09:30,Gno^^~~,No answer
2018.12.23,09:30,Gno^^~~,Canceled
2018.12.26,09:30,Gno^^~~,Canceled
2018.12.26,17:27,Gno^^~~,à¹€à¸Šà¹‡à¸„à¸¥à¸°à¹€à¸«à¸¥à¸·à¸­à¸­à¸µà¸Ÿà¸„à¸™à¹€à¸”à¸µà¸¢à¸§
2018.12.26,17:36,Gno^^~~,à¸™à¹ˆà¸²à¸ˆà¸°à¸„à¸£à¸šà¸¥à¸°à¸°à¸°
2018.12.26,17:53,MYMINTðŸ°,à¸¢à¸²à¸‡à¹„à¸¡à¹ˆà¹„à¸”à¹‰à¹à¸­à¸”à¸™à¹‰à¸­à¸‡à¹€à¸¥à¸¢ à¸‡à¸·à¸­à¸­à¸­à¸­à¸­à¸­à¸­
2018.12.26,17:54,Gno^^~~,à¸¢à¸±à¸‡à¹à¸­à¸”à¹„à¸¡à¹ˆà¸„à¸£à¸šà¹€à¸¥à¸¢ 5555555
2018.12.26,17:55,MYMINTðŸ°,à¸‡à¸¶à¹†à¹†à¹† à¸­à¸¢à¸²à¸à¹à¸­à¸”
2018.12.26,17:56,Gno^^~~,à¸à¹‡à¹à¸­à¸”à¸ªà¸´ 5555
2018.12.26,17:56,Gno^^~~,à¸ˆà¸šà¸„à¹ˆà¸²à¸¢à¹à¸¥à¹‰à¸§à¸§à¸§
2018.12.27,17:56,Gno^^~~,à¸ˆà¸šà¸„à¹ˆà¸²à¸¢à¹à¸¥à¹‰à¸§à¸§à¸§
2018.12.27,19:31,Gno^^~~,à¸à¸³à¸¥à¸±à¸‡à¸ˆà¸°à¸­à¸­à¸à¸¥à¸°
2018.12.28,19:31,Gno^^~~,à¸à¸³à¸¥à¸±à¸‡à¸ˆà¸°à¸­à¸­à¸à¸¥à¸°
2018.12.28,00:12,Gno^^~~,à¸–à¸¶à¸‡à¸šà¹‰à¸²à¸™à¹à¸¥à¹‰à¸§à¸šà¸­à¸à¸”à¹‰à¸§à¸¢à¸™à¸°à¸„à¸£à¹‰à¸²à¸šà¸šà¸šà¸šà¸šà¸š
2018.12.28,01:02,MYMINTðŸ°,à¸–à¸¶à¸‡à¹à¸¥à¹‰à¸§à¸§
2018.12.28,01:02,MYMINTðŸ°,Stickers
2018.12.28,01:05,Gno^^~~,Stickers
2018.12.28,01:46,Gno^^~~,à¹‚à¸—à¸©à¸—à¸µà¸™à¹‰à¸²à¸²à¸²à¹„à¸¡à¹ˆà¸„à¹ˆà¸­à¸¢à¹„à¸”à¹‰à¹à¸§à¸°à¹„à¸›à¸«à¸²à¹€à¸¥à¸¢
2018.12.28,01:47,Gno^^~~,Stickers
2018.12.28,01:55,MYMINTðŸ°,à¹„à¸¡à¹ˆà¹€à¸›à¸™à¹„à¸£à¸„à¹‰à¸²à¸¢
2018.12.28,01:56,MYMINTðŸ°,à¸—à¸²à¸‡à¸™à¸µà¹‰à¸à¹‰à¸ªà¸™à¸¸à¸à¸”à¸µ
2018.12.28,01:56,MYMINTðŸ°,à¹€à¸ˆà¸·à¸­à¸à¹€à¸£à¸·à¹ˆà¸­à¸‡à¸„à¸™à¸­à¸·à¹ˆà¸™à¹„à¸›à¹€à¸¢à¸·à¹ˆà¸­à¸¢à¹†
2018.12.28,01:56,Gno^^~~,55555
2018.12.28,01:57,Gno^^~~,à¹„à¸¡à¹ˆà¸™à¸­à¸™à¸­à¸µà¸à¸«à¸£à¸­à¸­à¸­à¸­
2018.12.28,01:59,MYMINTðŸ°,à¸ˆà¸±à¸”à¸à¸²à¹€à¸›à¹‹à¸²à¹„à¸›à¹€à¸—à¸µà¹ˆà¸¢à¸§555 à¸žà¸™à¸™à¹‰à¸­à¸‡à¸ˆà¸²à¹€à¸—à¸µà¹ˆà¸¢à¸§à¸§à¸§à¸§
2018.12.28,02:01,Gno^^~~,à¸à¸£à¸µà¹Šà¸”à¸”à¸”à¸”à¸”à¸”
2018.12.28,02:01,Gno^^~~,à¸­à¸¢à¸²à¸à¹„à¸›à¸šà¹‰à¸²à¸‡ 55555
2018.12.28,02:03,MYMINTðŸ°,à¸ªà¸¥à¸±à¸šà¸•à¸±à¸§à¸¡à¸±à¹‰à¸¢
2018.12.28,02:03,MYMINTðŸ°,à¸¡à¸¡à¹„à¸¡à¹ˆà¸Šà¸­à¸šà¹€à¸—à¸µà¹ˆà¸¢à¸§à¹à¸‡à¸‡à¸‡
2018.12.28,02:03,MYMINTðŸ°,à¸­à¸¢à¸²à¸à¸­à¸¢à¸¸à¹ˆà¸šà¹‰à¸²à¸™
2018.12.28,02:03,MYMINTðŸ°,à¹à¸‡à¸‡à¸‡à¸‡à¸‡à¸‡à¸‡à¸‡à¸‡à¸‡
2018.12.28,02:04,MYMINTðŸ°,à¹‚à¸”à¸™à¸¥à¸²à¸à¸—à¸¸à¸à¸—à¹‰à¸²à¸¢à¸›à¸µ
2018.12.28,02:06,Gno^^~~,à¸™à¸µà¹ˆà¸Šà¸­à¸šà¹€à¸—à¸µà¹ˆà¸¢à¸§ 555555
2018.12.28,02:06,Gno^^~~,à¸ªà¸¥à¸±à¸šà¹„à¸‡à¸”à¸µà¸¥à¹ˆà¸°à¸°à¸°à¸°à¸°
2018.12.28,02:07,Gno^^~~,à¹€à¸”à¸µà¹‹à¸¢à¸§à¹„à¸›à¸—à¸³à¸œà¸¡à¸ªà¸µà¸Šà¸¡à¸žà¸¹à¹à¸›à¸› 5555
2018.12.28,02:45,MYMINTðŸ°,à¸¢à¸·à¸”à¸œà¸¡à¸”à¹€à¸§à¸¢à¸¢à¸¢
2018.12.28,02:46,Gno^^~~,à¸‡à¸±à¹‰à¸™à¹„à¸¡à¹ˆà¹€à¸­à¸²à¸²à¸²à¸²à¸²
2018.12.28,02:57,MYMINTðŸ°,Stickers
2018.12.28,02:57,MYMINTðŸ°,à¹à¸„à¸›
2018.12.28,02:58,Gno^^~~,à¹à¸„à¸›à¹„à¸£à¸£à¸£à¸£à¸£à¸£à¸£à¸£
2018.12.29,02:58,Gno^^~~,à¹à¸„à¸›à¹„à¸£à¸£à¸£à¸£à¸£à¸£à¸£à¸£
2018.12.29,10:57,MYMINTðŸ°,Photos
2018.12.29,10:57,MYMINTðŸ°,à¸„à¸–à¸•à¸­à¸™à¸­à¸¢à¸¸à¹ˆà¸„à¹ˆà¸²à¸¢55555
2018.12.29,11:31,Gno^^~~,Stickers
2018.12.29,11:31,Gno^^~~,à¹€à¸­à¸²à¸­à¸µà¸ à¹† à¹† à¹† 5555555
2018.12.30,11:31,Gno^^~~,à¹€à¸­à¸²à¸­à¸µà¸ à¹† à¹† à¹† 5555555
2018.12.30,10:40,MYMINTðŸ°,Photos
2018.12.30,11:01,Gno^^~~,à¸ˆà¸°à¸¡à¸­à¸‡à¸—à¸¸à¸à¸­à¸¢à¹ˆà¸²à¸‡à¸—à¸µà¹ˆà¸œà¸¡à¸Ÿà¸¹ à¹† à¹€à¸›à¹‡à¸™à¹€à¸£à¸²à¹„à¸¡à¹ˆà¹„à¸”à¹‰à¸™à¸°à¹‚à¸«à¸§à¸¢à¸¢à¸¢à¸¢à¸¢
2018.12.30,11:02,Gno^^~~,Stickers
2018.12.30,13:32,MYMINTðŸ°,à¹„à¸”à¹‰à¹€à¸”à¹‰
2018.12.30,13:32,MYMINTðŸ°,à¸žà¸µà¹ˆà¸ˆà¸µà¹„à¸›à¸„à¸­à¸™à¹€à¸Ÿà¸Ÿà¸²à¸‡à¹à¸à¹‰à¸§à¸à¸²à¸™à¸¡à¹‰à¸²à¸¢
2018.12.30,13:32,MYMINTðŸ°,Stickers
2018.12.30,13:33,MYMINTðŸ°,à¹€à¸žà¸´à¸¥à¹†à¸„à¹ˆà¸²à¸¢à¸§à¹ˆà¸¢à¹„à¸›à¸à¸²à¸™à¸™
2018.12.30,13:44,Gno^^~~,Stickers
2018.12.31,13:44,Gno^^~~,Stickers
2018.12.31,17:17,Gno^^~~,à¹à¸‡à¹ˆà¸‡à¸‡à¸‡à¸‡ à¸‡à¸­à¸¥à¸„à¸™à¸Šà¸§à¸™à¹à¸¥à¹‰à¸§à¹€à¸—
2018.12.31,17:56,MYMINTðŸ°,à¸•à¸­à¸™à¹à¸£à¸à¸™à¸¶à¸à¸§à¹ˆà¸²à¸„à¸­à¸™à¸ˆà¸µà¹†
2018.12.31,17:56,MYMINTðŸ°,Stickers
2018.12.31,18:00,Gno^^~~,Stickers
2018.12.31,18:00,Gno^^~~,Stickers
2018.12.31,18:06,MYMINTðŸ°,Photos
2018.12.31,18:07,Gno^^~~,à¸¢à¸²à¸‡à¸‡à¸‡à¸‡à¸‡ à¸¢à¸±à¸‡à¹„à¸¡à¹ˆà¸«à¸¢à¸¸à¸”à¸­à¸µà¸à¸à¸à¸à¸à¸
2018.12.31,18:08,Gno^^~~,à¹„à¸¡à¹ˆà¹„à¸”à¹‰à¸—à¸³à¹ƒà¸«à¹‰à¸«à¸²à¸¢à¸‡à¸­à¸¥à¹€à¸¥à¹Šà¸¢à¸¢à¸¢à¸¢à¸¢ 555555
2018.12.31,23:21,MYMINTðŸ°,à¸„à¸–à¸ˆà¸µà¸‡à¹†à¹†à¹†
2018.12.31,23:21,MYMINTðŸ°,à¹à¸‡à¸‡à¸‡à¸‡à¸‡à¸‡à¸‡à¸‡à¸‡
2018.12.31,23:21,Gno^^~~,Stickers
2018.12.31,23:21,MYMINTðŸ°,à¸«à¸¡à¸¹à¸«à¸¢à¸­à¸‡ à¸‚à¹‰à¸²à¸§à¸•à¹‰à¸¡
2018.12.31,23:21,Gno^^~~,à¸«à¸´à¸§à¸ªà¸´à¸™à¸° . . . .
2018.12.31,23:22,Gno^^~~,à¸ˆà¸°à¸«à¸´à¸§à¸‚à¹‰à¸²à¸¡à¸›à¸µà¸«à¸£à¸­ 55555
2018.12.31,23:56,MYMINTðŸ°,à¹„à¸¡à¹ˆà¸«à¸´à¸§à¹à¸¥à¹‰à¸§à¸«à¸¶ à¸¡à¸µà¸‚à¹à¸‡à¸à¸´à¸™à¹€à¸¢à¸­à¸°
2018.12.31,23:57,MYMINTðŸ°,à¸¡à¸µà¸«à¸¡à¸¹à¸«à¸¢à¸­à¸‡
2018.12.31,23:58,Gno^^~~,à¸šà¸±à¸¢à¸¢à¸¢à¸¢à¸¢
2018.12.31,23:58,Gno^^~~,à¹€à¸ˆà¸­à¸à¸±à¸™à¸›à¸µà¸«à¸™à¹‰à¸²à¸²à¸²à¸²
2018.12.31,23:58,MYMINTðŸ°,à¹à¸‡à¸‡à¸‡à¸‡à¸‡à¸‡
2018.12.31,23:59,Gno^^~~,à¹à¸‡à¹„à¸£à¸£à¸£
2018.12.31,23:59,MYMINTðŸ°,2018 à¹€à¸›à¸™à¸›à¸µà¸—à¸µà¹ˆà¸”à¸µà¸¡à¸²à¸à¹†à¹€à¸¥à¸¢
2018.12.31,23:59,MYMINTðŸ°,2018 à¹€à¸›à¸™à¸›à¸µà¸—à¸µà¹ˆà¸”à¸µà¸¡à¸²à¸à¹†à¹€à¸¥à¸¢à¹€à¸žà¸£à¸²à¸°à¹„à¸”à¹‰à¹€à¸ˆà¸­à¸„à¸¸à¸“à¸«à¸¡à¸¹à¸«à¸¢à¸­à¸‡à¸‡à¸‡à¸‡
2018.12.31,23:59,Gno^^~~,2018 à¸à¹‡à¹€à¸›à¹‡à¸™à¸›à¸µà¸—à¸µà¹ˆà¸”à¸µà¹€à¸žà¸£à¸²à¸°à¹€à¸ˆà¸­à¸„à¸¸à¸“à¸ªà¸²à¸¢à¹„à¸«à¸¡~
2019.01.01,23:59,Gno^^~~,2018 à¸à¹‡à¹€à¸›à¹‡à¸™à¸›à¸µà¸—à¸µà¹ˆà¸”à¸µà¹€à¸žà¸£à¸²à¸°à¹€à¸ˆà¸­à¸„à¸¸à¸“à¸ªà¸²à¸¢à¹„à¸«à¸¡~
2019.01.01,00:00,MYMINTðŸ°,à¹à¸‡à¸‡à¸‡à¸‡à¸‡à¸‡
2019.01.01,00:00,MYMINTðŸ°,à¹à¸‡à¸‡à¸‡à¸‡à¸‡à¸‡à¹€à¸ˆà¸­à¸à¸²à¸™à¸•à¹‰à¸™à¸›à¸µ
2019.01.01,00:00,MYMINTðŸ°,à¹à¸‡à¸‡à¸‡à¸‡à¸‡à¸‡à¹€à¸ˆà¸­à¸à¸²à¸™à¸•à¹‰à¸™à¸›à¸µà¸¡à¸²à¸ªà¸™à¸´à¸—à¸à¸²à¸™à¸—à¹‰à¸²à¸¢à¸›à¸µ
2019.01.01,00:00,MYMINTðŸ°,à¹à¸‡à¸‡à¸‡à¸‡à¸‡à¸‡à¹€à¸ˆà¸­à¸à¸²à¸™à¸•à¹‰à¸™à¸›à¸µà¸¡à¸²à¸ªà¸™à¸´à¸—à¸à¸²à¸™à¸—à¹‰à¸²à¸¢à¸›à¸µà¸—à¸±à¹‰à¸‡à¸›à¸µà¸—à¸µà¹ˆà¸«à¸²à¸¢à¹„à¸›à¸™à¸±à¹‰à¸™à¸™à¹ˆà¸²à¹€à¸ªà¸µà¸¢à¸”à¸²à¸¢
2019.01.01,00:00,MYMINTðŸ°,à¹à¸‡à¸‡à¸‡à¸‡à¸‡à¸‡à¹€à¸ˆà¸­à¸à¸²à¸™à¸•à¹‰à¸™à¸›à¸µà¸¡à¸²à¸ªà¸™à¸´à¸—à¸à¸²à¸™à¸—à¹‰à¸²à¸¢à¸›à¸µà¸—à¸±à¹‰à¸‡à¸›à¸µà¸—à¸µà¹ˆà¸«à¸²à¸¢à¹„à¸›à¸™à¸±à¹‰à¸™à¸™à¹ˆà¸²à¹€à¸ªà¸µà¸¢à¸”à¸²à¸¢à¹à¸•à¹ˆà¹„à¸¡à¹ˆà¹€à¸ªà¸µà¸¢à¸”à¸²à¸¢à¸«à¸£à¸­à¸à¹€à¸žà¸£à¸²à¸°à¸›à¸µà¸«à¸™à¹‰à¸²à¹€à¸£à¸²à¸•à¹‰à¸­à¸‡à¸ªà¸™à¸´à¸—à¸à¸±à¸™à¸¡à¸²à¸à¸à¸§à¹ˆà¸²à¹€à¸”à¸´à¸¡à¹à¸™à¹ˆà¹†
2019.01.01,00:00,MYMINTðŸ°,Stickers
2019.01.01,00:01,Gno^^~~,à¸¢à¸±à¸‡à¹€à¸«à¸¥à¸·à¸­à¸­à¸µà¸à¸«à¸¥à¸²à¸¢à¸‡à¸²à¸™à¸—à¸µà¹ˆà¹ƒà¸«à¹‰à¹„à¸”à¹‰à¹€à¸ˆà¸­à¸à¸±à¸™à¸™à¸™à¸™
2019.01.01,00:01,Gno^^~~,à¸§à¸±à¸™à¹„à¸«à¸™à¸œà¹ˆà¸²à¸™à¹„à¸›à¹€à¸”à¸µà¸¢à¸§à¸Šà¸§à¸™à¸à¸´à¸™à¸‚à¹‰à¸²à¸§ 5555
2019.01.03,00:01,Gno^^~~,à¸§à¸±à¸™à¹„à¸«à¸™à¸œà¹ˆà¸²à¸™à¹„à¸›à¹€à¸”à¸µà¸¢à¸§à¸Šà¸§à¸™à¸à¸´à¸™à¸‚à¹‰à¸²à¸§ 5555
2019.01.03,22:58,MYMINTðŸ°,à¸Šà¸§à¸™à¹€à¸£à¸§ à¸£à¹‰à¸­à¸‡à¸„à¸´à¸”à¸–à¸¶à¸‡
2019.01.03,22:58,MYMINTðŸ°,à¸™à¹‰à¸­à¸‡*
2019.01.03,22:59,MYMINTðŸ°,à¹€à¸ˆà¸­à¸œà¸¡à¸«à¸¢à¸´à¸à¸¥à¸°à¸„à¸–
2019.01.03,23:20,Gno^^~~,à¸à¸¥à¸±à¸šà¸¡à¸²à¸à¸£à¸¸à¸‡à¹à¸¥à¹‰à¸§à¹€à¸£à¸²à¸°
2019.01.05,23:20,Gno^^~~,à¸à¸¥à¸±à¸šà¸¡à¸²à¸à¸£à¸¸à¸‡à¹à¸¥à¹‰à¸§à¹€à¸£à¸²à¸°
2019.01.05,00:29,MYMINTðŸ°,à¸žà¸µà¹ˆà¸ˆà¸µ
2019.01.05,00:29,MYMINTðŸ°,à¸™à¹‰à¸­à¸‡à¸­à¸¢à¸²à¸à¹€à¸›à¸´à¸”à¸•à¸µà¹‰à¸ªà¸§à¸™à¸ªà¸¢à¸²à¸¡à¹ƒà¸™à¹€à¸”à¸·à¸­à¸™à¸¡à¸à¸£à¸²à¸­à¹ˆà¸² (à¸­à¸²à¸à¸²à¸¨à¹€à¸¢à¸™à¸™à¹ˆà¸²à¹„à¸›)
2019.01.05,00:29,MYMINTðŸ°,à¹„à¸›à¸¡à¹‰à¸²à¸¢à¸¢à¸¢ > <
2019.01.05,00:30,MYMINTðŸ°,Stickers
2019.01.05,11:27,Gno^^~~,à¹„à¸”à¹‰à¸™à¸°à¸°à¸° à¹„à¸¡à¹ˆà¹„à¸”à¹‰à¹„à¸›à¸™à¸²à¸™à¸¥à¸°à¸°à¸°
2019.01.05,13:17,MYMINTðŸ°,à¹€à¸¢à¸µà¹ˆà¸¢à¸¡à¸¡à¸¡à¸¡à¸¡
2019.01.05,13:17,MYMINTðŸ°,Stickers
2019.01.07,13:17,MYMINTðŸ°,Stickers
2019.01.07,18:20,Gno^^~~,à¸ˆà¸°à¸§à¹ˆà¸²à¹„à¸›à¹à¸¥à¹‰à¸§à¸ˆà¸°à¸—à¸±à¸à¸Šà¸§à¸™à¸à¸´à¸™à¸‚à¹‰à¸²à¸§à¹„à¸”à¹‰à¸§à¸±à¸™à¹„à¸«à¸™à¸à¸µà¹ˆà¹‚à¸¡à¸‡à¸šà¹‰à¸²à¸‡à¸™à¸´
2019.01.07,18:20,Gno^^~~,à¸›à¸à¸•à¸´à¹€à¸¥à¸´à¸à¸‡à¸²à¸™ 5 - 6 à¹‚à¸¡à¸‡à¸­à¹ˆà¸²
2019.01.07,18:37,MYMINTðŸ°,à¸§à¸±à¸™à¸™à¸µà¹‰ ><
2019.01.07,18:37,MYMINTðŸ°,à¹„à¸”à¹‰à¹à¸—à¸šà¸—à¸¸à¸à¸§à¸±à¸™à¹€à¸¢à¸¢à¹à¸«à¸¥à¸°
2019.01.07,18:38,Gno^^~~,à¸•à¸¸à¸¥à¸à¸±à¸šà¸›à¹‰à¸²à¸¡à¸´à¹‰à¸™à¸Šà¸§à¸™à¸à¸´à¸™ MK à¸ªà¸¢à¸²à¸¡à¸§à¸±à¸™à¸™à¸µà¹‰à¸­à¸° 5555555
2019.01.07,18:38,MYMINTðŸ°,à¹‚à¸­à¹‰à¸¢
2019.01.07,18:38,MYMINTðŸ°,à¸à¸³à¸¥à¸±à¸‡à¸¥à¸”à¸„à¸§à¸²à¸¡à¸­à¹‰à¸§à¸™ à¹€à¸­à¸¡à¹€à¸„à¹€à¸¥à¸¢à¸«à¸£à¸­
2019.01.07,18:38,MYMINTðŸ°,5555555
2019.01.07,18:38,Gno^^~~,à¸¡à¸±à¸™à¹„à¸¡à¹ˆà¹ƒà¸Šà¹ˆà¸šà¸¸à¸Ÿà¸›à¹Šà¸°à¸°à¸°à¸°à¸°
2019.01.07,18:39,Gno^^~~,à¸à¹‡à¸à¸´à¸™à¹€à¸šà¸² à¹† à¹„à¸”à¹‰à¸™à¸´ 55555
2019.01.07,18:39,MYMINTðŸ°,à¹à¸§à¸°à¹„à¸›à¸«à¸²à¸¥à¸°à¸à¸²à¸™
2019.01.07,18:39,Gno^^~~,à¹à¸•à¹ˆà¹„à¸¡à¹ˆà¸£à¸¹à¹‰à¸¡à¸±à¸™à¸ˆà¸°à¸¡à¸²à¸à¸µà¹ˆà¹‚à¸¡à¸‡à¸­à¹ˆà¸²à¸²à¸²à¸²
2019.01.07,18:39,MYMINTðŸ°,à¹„à¸¡à¹ˆà¸­à¸¢à¸²à¸à¸ªà¸£à¸°à¸œà¸¡à¹à¸¥à¹‰à¸§ à¹à¸‡à¸‡à¸‡
2019.01.07,18:39,Gno^^~~,à¸™à¸µà¹ˆà¸™à¸±à¹ˆà¸‡à¸£à¸­à¸­à¸¢à¸¹à¹ˆà¸—à¸£à¸¹à¸ªà¹€à¸Ÿà¸µà¸¢à¸£à¹Œà¸žà¸²à¸£à¸²à¸à¸­à¸™à¸­à¸¢à¸¹à¹ˆ
2019.01.07,18:39,Gno^^~~,5555
2019.01.07,18:39,MYMINTðŸ°,à¸„à¸­à¸¥ à¸¡à¸µ à¸­à¸µà¸Ÿ à¸¢à¸¹ à¸–à¸¶à¸‡à¸ªà¸¢à¸²à¸¡><
2019.01.07,18:39,MYMINTðŸ°,à¹„à¸›à¸«à¸²à¸²à¸²à¸²à¸²
2019.01.07,18:39,Gno^^~~,à¸«à¸±à¸§à¸«à¸­à¸¡à¸ˆà¸°à¸•à¸²à¸¢à¸¢à¸¢à¸¢à¸¢à¸¢ à¸à¸¥à¸´à¹ˆà¸™ MK à¸™à¹ˆà¸²à¸à¸´à¸™à¸™à¸™
2019.01.07,18:39,MYMINTðŸ°,à¸à¸£à¸µà¹Šà¸ª
2019.01.07,18:39,MYMINTðŸ°,à¹„à¸¡à¹ˆà¹€à¸­à¸²
2019.01.07,18:39,MYMINTðŸ°,Stickers
2019.01.07,18:40,MYMINTðŸ°,à¹„à¸›à¸«à¸²à¹†à¹†
2019.01.07,18:40,MYMINTðŸ°,Stickers
2019.01.07,18:40,Gno^^~~,à¹„à¸¡à¹ˆà¸„à¸­à¸¥à¸¥à¸¥ à¹à¸•à¹ˆà¸­à¸¢à¸¹à¹ˆà¸ªà¸¢à¸²à¸¡à¸¡à¸¡ 55555
2019.01.07,18:40,MYMINTðŸ°,10à¸™à¸²à¸—à¸µ
2019.01.07,18:40,MYMINTðŸ°,Stickers
2019.01.07,18:40,Gno^^~~,Photos
2019.01.07,20:01,MYMINTðŸ°,Missed call
2019.01.07,20:02,Gno^^~~,00:20
2019.01.08,20:02,Gno^^~~,00:20
2019.01.08,00:05,MYMINTðŸ°,Photos
2019.01.08,00:05,Gno^^~~,à¸„à¸´à¸”à¸–à¸¶à¸‡à¸‡à¸‡à¸‡à¸‡ 555555
2019.01.08,00:05,Gno^^~~,Photos
2019.01.08,00:05,Gno^^~~,à¹€à¸«à¸¡à¸·à¸­à¸™à¸à¸±à¸™à¸à¸¸à¸” à¹† à¸­à¸°à¸ à¸²à¸žà¸™à¸µà¹‰
2019.01.08,00:07,MYMINTðŸ°,à¹‚à¸à¸”à¸”à¸”à¸”à¸”à¸”
2019.01.08,00:22,Gno^^~~,à¹‚à¸à¸£à¸˜à¸£à¸²à¸¢à¸¢à¸¢à¸¢à¸¢à¸¢
2019.01.08,00:22,Gno^^~~,à¸„à¸´à¹‰à¸§ à¹† 5***
2019.01.08,01:06,MYMINTðŸ°,à¹à¸‡à¹Šà¹Š
2019.01.08,01:07,MYMINTðŸ°,à¹‚à¸à¸”à¸”à¸”à¸”à¸”à¸”à¸”à¸”à¸”à¸”à¸”à¸”à¸”à¸”à¸”à¸”
2019.01.08,08:14,Gno^^~~,à¹‚à¸à¸£à¸˜à¹à¸¥à¹‰à¸§à¹„à¸‡à¸«à¸£à¸­à¸­à¸­à¸­à¸­
2019.01.08,08:14,Gno^^~~,Stickers
2019.01.08,08:14,Gno^^~~,Stickers
2019.01.08,09:45,MYMINTðŸ°,Stickers
2019.01.08,09:45,MYMINTðŸ°,à¹€à¸¥à¸´à¸à¸à¸²à¸™à¸™
2019.01.08,09:55,Gno^^~~,à¹à¸‡à¸‡à¸‡à¸‡à¸‡à¸‡à¸‡à¸‡à¸‡à¸‡à¸‡à¸‡
2019.01.08,10:10,MYMINTðŸ°,à¸ˆà¸²à¸¡à¹ˆà¸²à¸¢à¸à¸”à¸„à¸´à¸§à¸£à¹‰à¸²à¸™à¹‚à¸­à¹‰à¸à¸°à¸ˆà¸¹à¹‰à¹ƒà¸«à¹‰
2019.01.08,10:10,Gno^^~~,à¸®à¸·à¸­à¸­à¸­à¸­à¸­
2019.01.08,10:10,Gno^^~~,à¸‡à¹‰à¸­à¸­à¸­à¸­à¸­à¸­à¸­à¸”à¹ˆà¸§à¸™ 55555
2019.01.08,21:29,MYMINTðŸ°,à¸ªà¸¡à¸±à¸„à¸£à¸§à¸­à¸¥à¸±à¸™à¹€à¸—à¸µà¸¢à¹€à¸§à¸´à¸”à¹à¸„à¸¡à¸›à¹Œà¸—à¸µà¹ˆà¹„à¸«à¸™à¹„à¸”à¹‰à¸šà¹‰à¸²à¸‡à¸‡à¸°à¸žà¸µà¹ˆà¸ˆà¸µ à¹à¸‡à¹Š à¸«à¸²à¹‚à¸žà¸ªà¸™à¸±à¹‰à¸™à¹„à¸¡à¹ˆà¹€à¸ˆà¸­T T
2019.01.08,21:39,Gno^^~~,https://2019.bangkok.wordcamp.org/call-for-volunteers
2019.01.08,21:39,Gno^^~~,à¸­à¸°à¹„à¸£à¸£à¸£à¸£
2019.01.08,21:40,Gno^^~~,à¸ˆà¸°à¸¡à¸²à¸Šà¹ˆà¸§à¸¢à¸à¸±à¸™à¸—à¸³à¸‡à¸²à¸™à¸«à¸£à¸­ 555555
2019.01.08,21:40,Gno^^~~,à¸”à¸µà¸‡à¸²à¸¡à¸¡à¸¡à¸¡à¸¡
2019.01.08,23:22,MYMINTðŸ°,à¸žà¸µà¹ˆà¸ˆà¸µà¸ªà¸¡à¸±à¸„à¸£à¸•à¸³à¹à¸«à¸™à¹ˆà¸‡à¸­à¸°à¹„à¸£à¸‡à¹ˆà¸²à¸²
2019.01.08,23:26,MYMINTðŸ°,à¸žà¸µà¹ˆà¸ˆà¸µ à¸™à¹‰à¸­à¸‡à¹„à¸¡à¹ˆà¸™à¹ˆà¸²à¸ªà¸¡à¸±à¸„à¸£à¹„à¸”à¹‰à¹à¸¥à¹‰à¸§à¸‡à¸°
2019.01.08,23:26,Gno^^~~,à¸—à¸³à¹„à¸¡à¸‡à¹ˆà¸°à¸°à¸°à¸°à¸°à¸°à¸°à¸°à¸°
2019.01.08,23:26,MYMINTðŸ°,Photos
2019.01.08,23:26,MYMINTðŸ°,code of conduct à¸„à¸·à¸­ à¸•à¸°à¹„à¸¥à¸¥à¸¥
2019.01.08,23:27,Gno^^~~,à¸à¸Žà¹€à¸à¸“à¸‘à¹Œà¸à¸²à¸£à¸­à¸¢à¸¹à¹ˆà¸£à¹ˆà¸§à¸¡à¸à¸±à¸™à¸™à¹ˆà¸°à¸°
2019.01.08,23:27,Gno^^~~,à¸«à¸²à¸­à¹ˆà¸²à¸™à¹„à¸”à¹‰
2019.01.08,23:27,Gno^^~~,à¹„à¸¡à¹ˆà¸¡à¸µà¸­à¸°à¹„à¸£à¸¡à¸²à¸à¸
2019.01.08,23:27,MYMINTðŸ°,à¸­à¹ˆà¸²à¸™à¹à¸¥à¹‰à¸§à¹à¸«à¸¥à¸° à¹à¸®
2019.01.08,23:27,Gno^^~~,à¹à¸„à¹ˆà¹€à¸„à¸²à¸£à¸žà¸‹à¸¶à¹ˆà¸‡à¸à¸±à¸™à¹à¸¥à¸°à¸à¸±à¸™
2019.01.08,23:29,MYMINTðŸ°,à¸­à¹ˆà¸­à¸­à¸­
2019.01.08,23:29,MYMINTðŸ°,à¸žà¸µà¹ˆà¸ˆà¸µà¸ªà¸¡à¸±à¸„à¸£à¸•à¸³à¹à¸«à¸™à¹ˆà¸‡à¸­à¸°à¹„à¸¢
2019.01.08,23:30,Gno^^~~,general à¹€à¸šà¹Š à¸à¸±à¸šà¸«à¹‰à¸­à¸‡ Tribe à¸­à¸°
2019.01.08,23:30,Gno^^~~,à¸Šà¸­à¸šà¸«à¹‰à¸­à¸‡à¸™à¸±à¹‰à¸™ à¹„à¸”à¹‰à¹€à¸ˆà¸­à¸„à¸™à¸«à¸¥à¸²à¸à¸«à¸¥à¸²à¸¢à¸”à¸µ 5555
2019.01.08,23:55,MYMINTðŸ°,tribe à¸”à¹‰à¸§à¸¢à¸¥à¸°à¸à¸²à¸™ à¹à¸‡à¸‡
2019.01.09,23:55,MYMINTðŸ°,tribe à¸”à¹‰à¸§à¸¢à¸¥à¸°à¸à¸²à¸™ à¹à¸‡à¸‡
2019.01.09,00:35,Gno^^~~,à¸•à¸²à¸¡à¸¡à¸²à¸²à¸²à¸²à¸² 55555
2019.01.09,00:35,Gno^^~~,Stickers
2019.01.09,20:09,Gno^^~~,à¸žà¸£à¸¸à¹ˆà¸‡à¸™à¸µà¹‰à¹„à¸›à¸›à¹ˆà¸°
2019.01.09,20:09,Gno^^~~,Photos
2019.01.09,20:15,MYMINTðŸ°,à¸¡à¸±à¸™à¸­à¸¢à¸¸à¹ˆà¹„à¸«à¸™à¹ƒà¸™à¸ªà¸¢à¸²à¸¡à¸‡à¹‰à¸²à¸²à¸²
2019.01.09,20:15,MYMINTðŸ°,à¸­à¸¢à¸²à¸à¹„à¸›
2019.01.09,20:16,Gno^^~~,à¸•à¸£à¸‡à¸‚à¹‰à¸²à¸¡à¸žà¸²à¸£à¸²à¸à¸­à¸™à¸­à¸° à¸•à¸£à¸‡à¸•à¸¶à¸à¹à¸šà¸‡à¸„à¹Œà¸à¸£à¸¸à¸‡à¹€à¸—à¸ž
2019.01.09,20:17,Gno^^~~,à¸Šà¸±à¹‰à¸™à¸šà¸™ à¹† à¸ªà¸±à¸à¸Šà¸±à¹‰à¸™
2019.01.09,20:17,Gno^^~~,à¹à¸•à¹ˆà¸•à¸¶à¸à¸™à¸±à¹‰à¸™à¸¥à¹ˆà¸°5555
2019.01.09,20:19,MYMINTðŸ°,à¸­à¹‰à¸­à¸­à¸­à¸­à¸­
2019.01.09,20:19,Gno^^~~,à¸žà¸µà¹ˆà¸­à¹‰à¸­à¸­à¸°à¸™à¸°
2019.01.09,20:20,Gno^^~~,à¸—à¸³à¹„à¸¡à¸«à¸£à¸­
2019.01.09,20:20,MYMINTðŸ°,Stickers
2019.01.09,20:20,MYMINTðŸ°,à¸­à¸°à¹„à¸£à¹€à¸™à¸µà¹ˆà¸¢
2019.01.09,20:20,Gno^^~~,Stickers
2019.01.09,20:30,MYMINTðŸ°,soulmade à¹à¸›à¸¥à¸§à¹ˆà¸²à¹€à¸žà¸·à¹ˆà¸­à¸™à¸£à¸±à¸à¸­à¸°à¹„à¸£à¸‡à¸µà¹‰à¹ƒà¸Šà¹ˆà¸¡à¸±à¹‰à¸¢à¸‡à¸°à¸„à¸±à¸š
2019.01.09,21:00,Gno^^~~,à¹€à¸žà¸·à¹ˆà¸­à¸™à¸£à¸±à¸à¸«à¸£à¸·à¸­à¸„à¸¹à¹ˆà¹à¸—à¹‰à¸­à¸°
2019.01.09,21:00,MYMINTðŸ°,okkkk (à¸™à¸¶à¸à¸§à¹ˆà¸²à¸žà¸¥à¸²à¸”à¸¥à¸°à¸°)
2019.01.09,21:01,Gno^^~~,à¸¡à¸±à¸à¸ˆà¸°à¹ƒà¸Šà¹‰à¹ƒà¸™à¹€à¸Šà¸´à¸‡à¸„à¸¹à¹ˆà¹à¸—à¹‰à¸‹à¸°à¸¡à¸²à¸à¸à¸§à¹ˆà¸²
2019.01.09,21:01,Gno^^~~,Stickers
2019.01.09,22:09,MYMINTðŸ°,....
2019.01.09,22:09,MYMINTðŸ°,à¹„à¸¡à¹ˆà¹„à¸”à¹‰à¸—à¸³à¸šà¹‰à¸²à¸™à¹à¸•à¸à¹ƒà¸Šà¹ˆà¸¡à¸±à¹‰à¸¢à¸‡à¸°à¸‡....
2019.01.09,22:49,Gno^^~~,à¹„à¸¡à¹ˆà¹à¸•à¸ à¹†
2019.01.09,22:49,Gno^^~~,Stickers
2019.01.10,22:49,Gno^^~~,Stickers
2019.01.10,08:32,Gno^^~~,à¸–à¹‰à¸²à¹à¸•à¸à¹€à¸”à¸µà¹‹à¸¢à¸§à¸¡à¸²à¸šà¸­à¸ à¸ˆà¸°à¸•à¸²à¸¡à¸•à¸±à¸§à¹ƒà¸«à¹‰à¹€à¸ˆà¸­
2019.01.10,08:33,Gno^^~~,à¹à¸¥à¹‰à¸§à¹€à¸£à¸µà¸¢à¸à¸„à¹ˆà¸²à¹€à¸ªà¸µà¸¢à¸«à¸²à¸¢ 5555555
2019.01.10,12:28,MYMINTðŸ°,Stickers
2019.01.10,12:28,MYMINTðŸ°,à¹„à¸¡à¹ˆà¹„à¸”à¹‰à¸•à¸±à¹‰à¸‡à¸ˆà¸²à¸¢à¸¢à¸¢
2019.01.10,13:03,Gno^^~~,Stickers
2019.01.10,14:44,Gno^^~~,à¹€à¸¢à¹‡à¸™à¸™à¸µà¹‰à¹„à¸›à¸à¸µà¹ˆà¹‚à¸¡à¸‡à¸‡à¸‡à¸‡
2019.01.10,17:38,MYMINTðŸ°,à¸­à¸¢à¸¸à¹ˆà¸ªà¸¢à¸²à¸¡à¸¡
2019.01.11,17:38,MYMINTðŸ°,à¸­à¸¢à¸¸à¹ˆà¸ªà¸¢à¸²à¸¡à¸¡
2019.01.11,18:02,Gno^^~~,à¸§à¸±à¸™à¸™à¸µà¹‰à¹„à¸›à¹„à¸«à¸¡à¸¡à¸¡à¸¡à¸¡à¸¡à¸¡à¸¡à¸¡à¸¡à¸¡à¸¡
2019.01.11,18:06,MYMINTðŸ°,à¹„à¸¡à¹ˆà¸›à¸²à¸¢à¸‡à¹ˆà¸²
2019.01.11,18:06,MYMINTðŸ°,Stickers
2019.01.11,18:06,MYMINTðŸ°,à¹„à¸›à¸—à¸£à¸´à¸›
2019.01.11,18:07,Gno^^~~,à¹à¸‡à¸‡à¸‡à¸‡à¸‡à¸‡
2019.01.11,18:07,Gno^^~~,à¹€à¸Šà¸­à¸°à¸°à¸°à¸°
2019.01.15,18:07,Gno^^~~,à¹€à¸Šà¸­à¸°à¸°à¸°à¸°
2019.01.15,17:43,Gno^^~~,à¸à¸´à¸™à¸‚à¹‰à¸²à¸§à¹„à¸«à¸¡à¸¡à¸¡à¸¡à¸¡
2019.01.15,18:12,Gno^^~~,à¸ªà¸‡à¸ªà¸±à¸¢à¸¢à¸±à¸‡à¹„à¸¡à¹ˆà¸à¸¥à¸±à¸šà¸ˆà¸²à¸à¸—à¸£à¸´à¸›à¸ªà¸´à¸™à¸°
2019.01.15,18:12,Gno^^~~,à¸šà¸±à¸¢à¸¢à¸¢à¸¢
2019.01.15,18:12,Gno^^~~,Stickers
2019.01.15,18:26,MYMINTðŸ°,à¹€à¸à¹Šà¸²à¸­à¸¢à¸¸à¹ˆà¸šà¹‰à¸²à¸™à¸‡à¸° à¸­à¸²à¸—à¸´à¸•à¸¢à¹Œà¸™à¸µà¹‰ à¸¬ à¸«à¸¢à¸¸à¸”à¹€à¸£à¸µà¸¢à¸™à¸™à¸™
2019.01.15,18:26,MYMINTðŸ°,à¸‡à¸¶à¹†à¹†à¹†
2019.01.15,19:00,Gno^^~~,à¸­à¸´à¸ˆ . . . .
2019.01.15,19:01,Gno^^~~,Stickers
2019.01.15,22:38,MYMINTðŸ°,Stickers
2019.01.15,22:39,MYMINTðŸ°,à¹„à¸¡à¹ˆà¹€à¸›à¸™à¹„à¸£à¸™à¸²à¸¡à¸™à¸¸à¸©à¸¢à¹Œà¸—à¸³à¸‡à¸²à¸™
2019.01.15,22:39,MYMINTðŸ°,à¹à¸•à¹ˆà¸”à¸µà¹ƒà¸ˆ à¸­à¸¸à¸ªà¹ˆà¸²à¸Šà¸§à¸™à¸à¸´à¸™><
2019.01.15,22:39,MYMINTðŸ°,Stickers
2019.01.15,22:48,Gno^^~~,à¸®à¸·à¸­à¸­à¸­ à¸„à¸´à¸”à¸–à¸¶à¸‡à¸„à¸³à¸§à¹ˆà¸²à¸›à¸´à¸”à¹€à¸—à¸­à¸¡à¸¡à¸¡à¸¡
2019.01.15,22:49,Gno^^~~,à¹€à¸”à¸µà¹‹à¸¢à¸§à¸„à¹ˆà¸­à¸™à¸Šà¸§à¸™à¹ƒà¸«à¸¡à¹ˆà¸­à¸²à¸—à¸´à¸•à¸¢à¹Œà¸«à¸™à¹‰à¸²à¸à¹‡à¸”à¹ˆà¸°
2019.01.15,22:49,MYMINTðŸ°,à¸à¸£à¸µà¹Šà¸ªà¸ªà¸ª
2019.01.15,22:49,MYMINTðŸ°,à¸žà¸µà¹ˆà¸ˆà¸µà¸¡à¸²à¸žà¸­à¸”à¸µà¹Šà¹€à¸¥à¸¢
2019.01.15,22:49,MYMINTðŸ°,à¸à¸³à¸¥à¸±à¸‡à¸ªà¸‡à¸ªà¸±à¸¢à¸§à¹ˆà¸²à¸­à¸±à¸™à¸™à¸µà¹‰à¸„à¸·à¸­à¸­à¸²à¹„à¸¢à¸¢à¸¢
2019.01.15,22:49,Gno^^~~,à¸­à¸²à¸£à¸²à¸¢à¸¢à¸¢à¸¢à¸¢à¸¢
2019.01.15,22:49,MYMINTðŸ°,Photos
2019.01.15,22:50,Gno^^~~,à¹„à¸›à¸ªà¸¡à¸±à¸„à¸£ wordpress.org à¸”à¹‰à¸§à¸¢à¹€à¸™à¹‰à¸­à¸­à¸­
2019.01.15,22:50,Gno^^~~,à¹€à¸„à¹‰à¸²à¸ˆà¸°à¹„à¸”à¹‰à¹à¸­à¸”à¹€à¸£à¸²à¸¥à¸‡à¹ƒà¸™à¸à¸²à¸™à¸°à¸„à¸™à¸Šà¹ˆà¸§à¸¢à¸‡à¸²à¸™ wordpress
2019.01.15,22:53,MYMINTðŸ°,"à¹‚à¸­à¹€à¸„à¸„à¸£à¸±à¸šà¸šà¸š >,"
2019.01.15,22:54,Gno^^~~,à¸¢à¸±à¸‡à¸à¸£à¸­à¸à¹ƒà¸šà¸ªà¸¡à¸±à¸„à¸£à¹„à¸¡à¹ˆà¹€à¸ªà¸£à¹‡à¸ˆà¸­à¸µà¸à¹€à¸£à¸²à¸°à¸°à¸°à¸°à¸°à¸°à¸°à¸°à¸°à¸°
2019.01.15,22:54,Gno^^~~,Stickers
2019.01.15,22:54,MYMINTðŸ°,à¹€à¸žà¸´à¹ˆà¸‡à¹„à¸”à¹‰à¸¡à¸²à¸à¸£à¸­à¸à¹€à¸™à¸µà¹ˆà¸¢
2019.01.15,22:55,MYMINTðŸ°,à¸„à¸§à¸²à¸¡à¸ˆà¸µà¸‡à¹ƒà¸Šà¹‰ wordpress à¹„à¸¡à¹ˆà¹€à¸›à¸™à¸‡à¸°
2019.01.15,22:55,MYMINTðŸ°,Y Y à¹€à¸‚à¸²à¸ˆà¸²à¹ƒà¸«à¹‰à¹€à¸‚à¹‰à¸²à¸¡à¸±à¹‰à¸¢
2019.01.15,22:55,Gno^^~~,à¹„à¸¡à¹ˆà¹€à¸›à¹‡à¸™à¹„à¸£à¸£à¸£
2019.01.15,22:55,Gno^^~~,à¹„à¸¡à¹ˆà¹€à¸à¸µà¹ˆà¸¢à¸§à¸à¸±à¸™à¸™à¸™à¸™
2019.01.15,22:55,Gno^^~~,Stickers
2019.01.15,23:00,MYMINTðŸ°,Photos
2019.01.15,23:00,MYMINTðŸ°,à¸•à¸²à¸¢à¹€à¸¥à¸¢ à¸šà¸­à¸à¸à¸²à¸™à¹à¸šà¸šà¸™à¸µà¹‰à¸à¹‡à¸£à¸¸à¹‰à¸«à¸¡à¸”à¸ªà¸´à¸§à¹ˆà¸²à¹€à¸žà¸´à¹ˆà¸‡à¸ªà¸¡à¸±à¹Šà¸„à¸£ 5555
2019.01.15,23:01,Gno^^~~,à¹„à¸¡à¹ˆà¹€à¸›à¹‡à¸™à¹„à¸£ 555555555555555555
2019.01.15,23:01,Gno^^~~,Stickers
2019.01.15,23:01,MYMINTðŸ°,à¹ƒà¸ˆà¸”à¸µà¸­à¹ˆà¸²à¸²à¸²
2019.01.15,23:01,MYMINTðŸ°,> <
2019.01.15,23:02,Gno^^~~,à¸­à¸¢à¸²à¸à¹ƒà¸«à¹‰à¹ƒà¸ˆà¸£à¹‰à¸²à¸¢à¸à¹‡à¸šà¸­à¸à¹„à¸”à¹‰à¸™à¸°à¸°à¸°
2019.01.15,23:02,Gno^^~~,à¹ƒà¸ˆà¸”à¸µà¸‚à¸™à¸²à¸”à¸™à¸±à¹‰à¸™à¸¥à¹ˆà¸° 555555
2019.01.15,23:10,MYMINTðŸ°,Stickers
2019.01.15,23:10,MYMINTðŸ°,à¸™à¹‰à¸­à¸‡à¸‚à¸­à¹‚à¸—à¸©
2019.01.15,23:11,MYMINTðŸ°,à¸™à¹‰à¸­à¸‡à¸‚à¸­à¸£à¸šà¸à¸§à¸™à¸­à¸µà¸à¸„à¸£à¸±à¹‰à¸‡ à¸«à¸·à¸­à¸­à¸­à¸­à¸­
2019.01.15,23:11,MYMINTðŸ°,Photos
2019.01.15,23:11,MYMINTðŸ°,à¸­à¸±à¸™à¸™à¸µà¹‰à¸‡à¹ˆà¸² à¸„à¸·à¸­à¸¡à¸±à¸™à¸•à¹‰à¸­à¸‡à¹€à¸›à¸™à¸›à¸£à¸°à¸ªà¸šà¸à¸²à¸£à¸­à¸²à¸ªà¸²à¸‚à¸­à¸‡à¸—à¸µà¹ˆà¸™à¸µà¹ˆ only à¸«à¸£à¸·à¸­à¸‚à¸­à¸‡à¸„à¹ˆà¸²à¸¢à¸­à¸·à¹ˆà¸™à¹†à¸à¹‡à¹„à¸”à¹‰à¸‡à¹ˆà¸²
2019.01.15,23:11,Gno^^~~,à¹€à¸­à¸™à¸™à¸µà¹ˆà¹à¸§à¸£à¹Œ~
2019.01.15,23:12,MYMINTðŸ°,à¹‚à¸­à¹€à¸„à¸„à¹Šà¸²à¸šà¸œà¸¡
2019.01.15,23:12,MYMINTðŸ°,à¸‚à¸­à¹‚à¸—à¸©à¸™à¸² à¸–à¸²à¸¡à¸ˆà¸¸à¸à¸ˆà¸´à¸à¸¡à¸²à¸à¹€à¸¥à¸­
2019.01.15,23:12,MYMINTðŸ°,Stickers
2019.01.15,23:12,Gno^^~~,à¸¢à¸´à¸™à¸”à¸µà¸®à¸°à¸°à¸°à¸°à¸°
2019.01.15,23:12,Gno^^~~,Stickers
2019.01.15,23:13,MYMINTðŸ°,à¹ƒà¸ªà¹ˆà¸Šà¸·à¹ˆà¸­à¸žà¸µà¹ˆà¸ˆà¸µà¹ƒà¸™à¸Šà¹ˆà¸­à¸‡à¸£à¸°à¸šà¸¸à¸Šà¸·à¹ˆà¸­à¸„à¸™à¸£à¸¹à¹‰à¸ˆà¸±à¸à¸™à¹‰à¸° à¸­à¸´à¸­à¸´
2019.01.16,23:13,MYMINTðŸ°,à¹ƒà¸ªà¹ˆà¸Šà¸·à¹ˆà¸­à¸žà¸µà¹ˆà¸ˆà¸µà¹ƒà¸™à¸Šà¹ˆà¸­à¸‡à¸£à¸°à¸šà¸¸à¸Šà¸·à¹ˆà¸­à¸„à¸™à¸£à¸¹à¹‰à¸ˆà¸±à¸à¸™à¹‰à¸° à¸­à¸´à¸­à¸´
2019.01.16,00:17,Gno^^~~,à¸ˆà¸±à¸”à¹„à¸›à¸®à¸°à¸°à¸° à¹à¸„à¹ˆà¸£à¸¹à¹‰à¸ˆà¸±à¸à¸à¸±à¸™à¹€à¸™à¸²à¸°
2019.01.16,00:17,Gno^^~~,Stickers
2019.01.23,00:17,Gno^^~~,Stickers
2019.01.23,20:36,MYMINTðŸ°,à¹„à¸›à¸ªà¸§à¸™à¸ªà¸¢à¸²à¸¡à¹„à¸«à¸¡à¸«à¸·à¸­
2019.01.23,22:34,Gno^^~~,à¹„à¸›à¸à¹‡à¸”à¹ˆà¸°
2019.01.23,22:34,Gno^^~~,Stickers
2019.01.23,23:23,MYMINTðŸ°,Stickers
2019.01.23,23:23,MYMINTðŸ°,à¸”à¸µà¸ˆà¸²à¸¢à¸¢à¸¢à¸¢à¸¢
2019.01.23,23:23,MYMINTðŸ°,Stickers
2019.01.25,23:23,MYMINTðŸ°,Stickers
2019.01.25,08:39,Gno^^~~,à¸žà¸£à¸¸à¹ˆà¸‡à¸™à¸µà¹‰à¹à¸žà¸¥à¸™à¹„à¸‡à¸šà¹‰à¸²à¸‡à¸‡à¸‡à¸‡à¸™à¸´
2019.01.25,08:39,Gno^^~~,Stickers
2019.01.25,09:53,MYMINTðŸ°,Stickers
2019.01.25,09:54,MYMINTðŸ°,à¸‡à¸·à¸­à¸­à¸­à¹„à¸¡à¹ˆà¹à¸™à¹ˆà¹ƒà¸ˆà¹€à¸¥à¸¢à¸­à¸° à¹„à¸¡à¹ˆà¹„à¸”à¹‰à¹„à¸›à¸ªà¸§à¸™à¸ªà¸¢à¸²à¸¡à¸¡à¸²10à¸›à¸µà¹à¸¥à¹‰à¸§ðŸ’•ðŸ’•ðŸ’•
2019.01.25,09:54,MYMINTðŸ°,à¸žà¸µà¹ˆà¸ˆà¸µà¸¡à¸µà¹à¸žà¸¥à¸™à¸­à¸¢à¸²à¸à¹€à¸ªà¸™à¸­à¹„à¸«à¸¡à¸„à¸£à¸±à¸šà¸š
2019.01.25,09:55,Gno^^~~,à¸žà¸­ à¹† à¸à¸±à¸™à¸™à¸™
2019.01.25,09:55,Gno^^~~,à¸•à¹‰à¸­à¸‡à¹€à¸­à¸²à¸­à¸°à¹„à¸£à¹„à¸›à¸šà¹‰à¸²à¸‡à¸¢à¸±à¸‡à¹„à¸¡à¹ˆà¸£à¸¹à¹‰à¹€à¸¥à¸¢à¸¢à¸¢
2019.01.25,18:58,Gno^^~~,à¸­à¸¢à¸¹à¹ˆà¸ªà¸¢à¸²à¸¡à¸¡à¸¡à¸¡ à¸à¸´à¸™à¹„à¸£à¹„à¸«à¸¡à¸¡à¸¡à¸¡à¸¡
2019.01.25,22:13,MYMINTðŸ°,à¸™à¹‰à¸­à¸‡à¸à¸¥à¸±à¸šà¸•à¸±à¹‰à¸‡à¹à¸•à¹ˆà¸šà¹ˆà¸²à¸¢à¹†à¹à¸¥à¹‰à¸§à¸‡à¹ˆà¸²à¸žà¸µà¹ˆà¸ˆà¸µ
2019.01.25,22:13,MYMINTðŸ°,à¸‚à¸­à¹‚à¸—à¸©à¸™à¹‰à¸²à¸²à¸²
2019.01.25,22:13,MYMINTðŸ°,à¸žà¸™à¹€à¸ˆà¸­à¸à¸±à¸™à¸„à¸£à¸±à¸š
2019.01.25,22:42,Gno^^~~,à¹€à¸ªà¸µà¸¢à¸ˆà¸¸à¸¢à¸¢à¸¢à¸¢à¸š
2019.01.25,22:42,Gno^^~~,à¹€à¸ˆà¸­à¸à¸±à¸™à¸„à¸£à¹‰à¸²à¸šà¸šà¸šà¸š
2019.02.02,22:42,Gno^^~~,à¹€à¸ˆà¸­à¸à¸±à¸™à¸„à¸£à¹‰à¸²à¸šà¸šà¸šà¸š
2019.02.02,00:46,MYMINTðŸ°,à¸žà¸µà¹ˆà¸ˆà¸µà¸žà¸­à¸£à¸¸à¹‰à¸¡à¸±à¹‰à¸¢à¸‡à¹ˆà¸²à¸§à¹ˆà¸²à¸±à¸™à¸™à¸µà¹‰à¸„à¸·à¸­à¸­à¸²à¹„à¸¢
2019.02.02,00:46,MYMINTðŸ°,Photos
2019.02.02,00:49,Gno^^~~,plugin à¸­à¸°à¹„à¸£à¸‚à¸­à¸‡ wp à¸­à¸°à¸•à¸±à¸§à¸™à¸µà¹‰
2019.02.02,00:49,MYMINTðŸ°,à¹„à¸¡à¹ˆà¸£à¸¸à¹‰à¹€à¸¢à¸¢ à¸•à¸²à¸¢à¹à¸¥à¹ˆà¸§à¸§
2019.02.02,00:49,MYMINTðŸ°,55555
2019.02.02,00:49,Gno^^~~,à¸„à¸·à¸­à¸­à¸°à¹„à¸£à¸­à¸° 555555
2019.02.02,00:49,MYMINTðŸ°,à¸‚à¹‰à¸²à¸¡à¸¡à¸±à¸™à¹„à¸›à¸¥à¸°à¸à¸²à¸™
2019.02.02,00:49,Gno^^~~,à¸¡à¸±à¸™à¸„à¸·à¸­à¸­à¸°à¹„à¸£à¸—à¸µà¹ˆà¸–à¸²à¸¡
2019.02.02,00:49,Gno^^~~,à¸ˆà¸°à¸§à¹ˆà¸²à¹„à¸›à¸™à¸­à¸™à¸”à¸¶à¸à¸ˆà¸¸à¸‡à¸‡à¸‡à¸‡à¸‡à¸‡
2019.02.02,00:50,MYMINTðŸ°,à¹€à¸‚à¸µà¸¢à¸™à¸šà¸—à¸„à¸§à¸²à¸¡à¹ƒà¸™ WP à¸„à¸£à¸±à¸š
2019.02.02,00:50,MYMINTðŸ°,à¸™à¸­à¸™à¸›à¸à¸•à¸´à¸™à¹‰à¸²
2019.02.02,00:50,MYMINTðŸ°,à¸žà¸™à¹„à¸›à¹ƒà¸Šà¹ˆà¸¡à¹Šà¸²à¸¢à¸¢
2019.02.02,00:50,Gno^^~~,à¸«à¸¹à¸¢à¸¢à¸¢à¸¢à¸¢à¸¢à¸¢ à¹„à¸«à¸™à¸‚à¸­à¸­à¹ˆà¸²à¸™à¸«à¸™à¹ˆà¸­à¸¢ 5555
2019.02.02,00:50,Gno^^~~,à¹„à¸›à¸„à¸£à¹‰à¸²à¸šà¸šà¸šà¸šà¸šà¸š
2019.02.02,00:50,MYMINTðŸ°,à¸£à¸­à¸­à¹ˆà¸²à¸™à¹„à¸”à¹‰à¸—à¸µà¹ˆ Grappik à¸­à¸´à¸­à¸´
2019.02.02,00:50,Gno^^~~,Stickers
2019.02.02,00:50,MYMINTðŸ°,#à¸¢à¸²à¸‡à¹ƒà¸Šà¹‰ Wp à¹„à¸¡à¹ˆà¸„à¹ˆà¸­à¸¢à¹€à¸›à¸™
2019.02.02,00:51,Gno^^~~,setting à¸•à¸±à¸§à¸™à¸µà¹‰à¸à¹‡à¸•à¸±à¹‰à¸‡à¸•à¸²à¸¡à¹‚à¸žà¸ªà¸•à¹Œà¸­à¸·à¹ˆà¸™à¹„à¸›à¸¥à¸°à¸à¸±à¸™à¸­à¸°
2019.02.02,00:51,MYMINTðŸ°,à¹€à¸£à¸²à¸ˆà¸²à¹€à¸‚à¹‰à¸²à¹„à¸›à¸”à¸¹ setting à¸‚à¸­à¸‡à¹‚à¸žà¸ªà¸­à¸·à¹ˆà¸—à¸µà¹ˆà¹€à¸‚à¸²à¹‚à¸žà¸ªà¹†à¸¡à¸²à¹„à¸”à¹‰à¸”à¹‰à¸§à¸¢à¸«à¸£à¸²à¸²
2019.02.02,00:51,MYMINTðŸ°,à¸‡à¹Šà¸²à¸²à¸²
2019.02.02,00:52,MYMINTðŸ°,à¸•à¸²à¸¡à¸«à¸²
2019.02.02,00:52,Gno^^~~,55555
2019.02.02,00:52,Gno^^~~,à¸ªà¸¹à¹‰à¸§ à¹†
2019.02.02,00:53,MYMINTðŸ°,à¹„à¸”à¹‰à¸«à¸£à¸²
2019.02.02,00:53,Gno^^~~,à¹„à¸”à¹‰à¸ªà¸´
2019.02.02,00:53,Gno^^~~,à¸‚à¸¶à¹‰à¸™à¸­à¸¢à¸¹à¹ˆà¸à¸±à¸š Permission à¹à¸®à¸°
2019.02.02,00:54,MYMINTðŸ°,à¸«à¸²à¹„à¸¡à¹ˆà¹€à¸ˆà¸­à¹€à¸¢à¸¢à¸­à¸°à¸­à¸±à¸™à¸—à¸µà¹ˆà¸”à¸¹à¹„à¸”à¹‰à¸‡à¸°
2019.02.02,00:55,Gno^^~~,à¸ˆà¸£à¸´à¸‡ à¹† à¸à¹‡à¹„à¸¡à¹ˆà¸•à¹‰à¸­à¸‡ ignoreà¹„à¸›à¸à¹‡à¹„à¸”à¹‰à¸™à¸°
2019.02.02,00:55,Gno^^~~,à¹ƒà¸Šà¹‰ global setting à¹„à¸›
2019.02.02,00:55,MYMINTðŸ°,à¹‚à¸­à¹€à¸„à¸„à¸±à¸š
2019.02.02,00:55,MYMINTðŸ°,à¸‚à¸­à¸šà¸„à¸¸à¸‡à¸¡à¸²à¸
2019.02.02,00:55,MYMINTðŸ°,à¸‡à¸·à¹‰à¸­à¸­
2019.02.02,00:55,Gno^^~~,à¸‡à¸·à¹‰à¸­à¸­à¸²à¸£à¸²à¸¢à¸¢à¸¢à¸¢à¸¢à¸¢à¸¢
2019.02.02,00:56,MYMINTðŸ°,à¹ƒà¸ˆà¸”à¸µà¸ˆà¸™à¸”à¸µà¹ƒà¸ˆ
2019.02.02,00:57,Gno^^~~,à¹„à¸›à¸™à¸­à¸™à¹„à¸”à¹‰à¹à¸¥à¹‰à¸§à¸§à¸§à¸§à¸”à¸¶à¸à¹à¸¥à¹‰à¸§à¸§à¸§ 5555555
2019.02.02,00:59,MYMINTðŸ°,à¸¢à¸²à¸‡à¹€à¸”à¸·à¸­à¸”à¸­à¸¢à¸¹à¹ˆà¸§à¸§à¸§à¸§?
2019.02.02,00:59,Gno^^~~,? à¸„à¸·à¸­à¸›à¸£à¸°à¹‚à¸¢à¸„à¸„à¸³à¸–à¸²à¸¡ ? 55555
2019.02.02,01:00,MYMINTðŸ°,à¹„à¸¡à¹ˆà¸ˆà¹Šà¸²à¸¢à¸¢
2019.02.02,01:00,MYMINTðŸ°,à¹à¸‡à¹ˆà¸§à¸§à¸§à¸§à¸§à¸§à¸§à¸§
2019.02.02,01:00,Gno^^~~,à¸­à¹ˆà¸²à¸§à¸§à¸§à¸§
2019.02.02,01:00,Gno^^~~,à¸ªà¸¹à¹‰à¸§ à¹† à¸¥à¸°à¸à¸±à¸™à¸‡à¸±à¹‰à¸™
2019.02.02,01:00,Gno^^~~,à¸£à¸µà¸š à¹† à¸«à¸²à¸¢à¹€à¸”à¸·à¸­à¸”à¸”à¸”à¸”à¸”à¸”
2019.02.02,01:01,MYMINTðŸ°,Stickers
2019.02.02,01:01,MYMINTðŸ°,à¸‚à¸­à¸šà¸„à¸¸à¸“à¸„à¹Šà¸²à¸š
2019.02.02,01:13,Gno^^~~,à¸¢à¸´à¸™à¸”à¸µà¸„à¸£à¹‰à¸²à¸šà¸šà¸šà¸šà¸š
2019.02.02,02:08,MYMINTðŸ°,Stickers
2019.02.02,02:08,MYMINTðŸ°,à¹ƒà¸ˆà¸”à¸µà¸ˆà¸²à¸‡
2019.02.02,21:27,Gno^^~~,Photos
2019.02.02,21:27,Gno^^~~,Photos
2019.02.02,21:46,MYMINTðŸ°,à¸™à¹ˆà¸²à¸£à¸±à¸à¸«à¸¡à¸à¹€à¸¥à¸¢
2019.02.02,21:46,Gno^^~~,à¸Šà¸¡à¸•à¸±à¸§à¹€à¸­à¸‡à¹à¸šà¸šà¸™à¸µà¹‰à¸à¹‡à¹„à¸”à¹‰à¸«à¸£à¸­à¸­à¸­à¸­
2019.02.02,22:27,MYMINTðŸ°,à¸”à¹‰à¸²à¸¢à¹€à¸ªà¸¡à¸­à¸­
2019.02.02,22:46,Gno^^~~,à¸­à¹ˆà¸°à¸ˆà¹‰à¸²à¸²à¸²à¸²à¸²à¸²à¸² 555555
